entry,example_de,translation,cefr
die,Das ist die einzige Lösung für uns.,the,A1
der,"Das ist der, der es getan hat.","the, who, that",A1
und,Kaffee und Kuchen passen zusammen.,and,A1
in,In dem Haus wohnen viele Familien.,in,A1
sein,Er ist heute sehr beschäftigt.,to be,A1
ein,Er hat ein Buch in der Tasche gefunden.,a,A1
einer,Einer der Gäste brachte ein Geschenk.,one (of),A1
eine,Ein Apfel liegt auf dem Tisch.,"a, an",A1
haben,"Hast du eine Ahnung, wo sie ist?",to have,A1
sie,Sie hat das Buch gestern fertig gelesen.,she,A1
werden,Er wird bald der Direktor des Instituts.,to become,A1
von,Ich habe einen Brief von dir erhalten.,from,A1
ich,Ich komme heute später nach Hause.,I,A1
nicht,Ich habe heute leider nicht viel Zeit.,not,A1
es,Kannst du es mir bitte morgen bringen?,it,A1
mit,Er kam mit seinem Hund ins Haus.,with,A1
das,,the (neuter),A1
sich,Sie hat sich im Spiegel angesehen.,oneself,A1
er,"Er kommt gleich zurück, sagte sie.",he,A1
auf,Er stellte das Glas auf den Tisch.,on,A1
für,Ich habe ein Geschenk für dich.,for,A1
auch,Er ist auch am Wochenende beschäftigt.,also,A1
an,Er klopfte an die Tür und wartete.,at,A1
dass,"Ich hoffe, dass er bald kommt.",that,A2
zu,"Ich habe keine Zeit, zu kommen.",to,A1
als,"Als er kam, begann es zu regnen.",as,A2
den,,the (masc. acc.),A1
können,"Er kann nicht kommen, weil er krank ist.",to be able to,A1
dies,Dies ist mein letztes Angebot.,this,A1
wie,Er arbeitet genauso hart wie sie.,as,A1
wir,"Wir schaffen das gemeinsam, oder?",we,A1
ihr,Ihr Hund bellt jeden Morgen im Garten.,"her, you (plural)",A1
so,"Er machte es so, wie gesagt wurde.",thus,A1
bei,Ich arbeite bei einer großen Firma.,by,A1
aber,"Er wollte kommen, aber er konnte nicht.",but,A1
man,Man sollte immer ehrlich sein.,one,A1
noch,Er hat noch nicht entschieden.,still,A1
nach,Nach der Schule gehe ich nach Hause.,after,A1
oder,Willst du Tee oder Kaffee trinken?,or,A1
einen,Ich habe einen Brief von dir erhalten.,a (acc.),A1
all,All diese Fragen müssen geklärt werden.,"all, everything",A1
aus,Er zog das Buch aus der Tasche.,out,A1
was,Was genau willst du damit erreichen?,what,A1
nur,Ich habe nur noch zehn Minuten.,only,A1
sagen,Ich wollte dir etwas Wichtiges sagen.,to say,A1
dann,Dann gingen sie ins Restaurant.,then,A1
wenn,"Wenn es regnet, bleibe ich zu Hause.",if,A2
müssen,Du musst das bis morgen erledigen.,to have to,A1
um,"Er arbeitet, um Geld zu verdienen.",in order to,A1
ja,"Ja, ich komme sofort nach Hause.",yes,A1
keine,Keiner hat heute die Aufgabe erledigt.,no (one),
über,Er sprang über den Zaun schnell.,above,A1
da,Da liegt das Buch auf dem Tisch.,there,A1
geben,Sie gibt ihm einen wichtigen Hinweis.,to give,A1
vor,Vor dem Haus wartete ein Mann.,in front of,A1
dem,,the (dat.),A1
mein,Mein Hund wartet immer vor der Tür.,my,A1
mehr,Ich brauche mehr Informationen.,more,A1
das Jahr,Das Jahr verging schneller als erwartet.,year,A1
du,Du hast den besten Kuchen gebacken.,you,A1
durch,Er geht durch den dunklen Wald.,through,A1
viel,Viel kann man darüber nicht sagen.,much,A1
wollen,Ich will das morgen erledigen.,to want to,A1
machen,Er macht das Frühstück für die Familie.,to do,A1
andere,Der andere blieb im Auto sitzen.,other,
sollen,Du sollst deine Hausaufgaben machen.,should,A1
schon,Er hat schon angefangen zu essen.,already,A1
kommen,Wann kommst du heute nach Hause?,to come,A1
mir,Er hat mir die Wahrheit gesagt.,me,A1
immer,Ich trinke immer Kaffee am Morgen.,always,A1
mich,Er hat mich einfach ignoriert.,me,A1
gehen,Wir müssen jetzt wirklich gehen.,to go,A1
groß,Der Baum im Garten ist sehr groß.,big,A1
hier,Hier beginnt unsere lange Reise.,here,A1
ganz,Ich habe den ganzen Tag gearbeitet.,whole,A2
zwei,Zwei Stunden blieben uns noch übrig.,two,B2
einem,,a (dat.),B1
also,"Also, wie lösen wir dieses Problem?",so,A1
jetzt,Jetzt ist der perfekte Moment.,now,A1
doch,"Er wollte kommen, doch wurde krank.",however,A2
wieder,Er hat wieder das Gleiche gesagt.,again,A2
uns,Wir treffen uns morgen um acht Uhr.,us,A1
gut,Das Wetter ist heute wirklich gut.,good,A1
bis,"Warte hier, bis ich zurück bin.",until,A1
wissen,"Ich wusste, dass es so kommen würde.",to know,A1
sehen,Er hat den Film schon gesehen.,to see,A1
sehr,Er war sehr zufrieden mit dem Ergebnis.,very,A1
mal,Tausend mal tausend ist eine Million.,times,B1
lassen,Er ließ mich die Arbeit machen.,to let,A2
neu,Ich habe ein neues Buch gekauft.,new,A1
stehen,Er stand stundenlang vor dem Haus.,to stand,A1
unser,Unser Hund ist sehr freundlich.,our,A1
jede,Jeder Tag ist eine neue Chance.,every,
weil,"Ich bin müde, weil ich arbeite.",because,A2
unter,Der Hund schläft unter dem Tisch.,under,A1
der Mensch,Der Mensch ist ein soziales Wesen.,human being,A1
ihm,Ich habe ihm das Buch gegeben.,him,A1
ihn,Sie sah ihn gestern in der Stadt.,him,A1
denn,"Er ging nicht, denn es regnete.",because,A1
das Beispiel,Kannst du ein weiteres Beispiel geben?,example,A1
erste,Der erste Schnee ist gefallen.,first,
die Zeit,Die Zeit verging sehr schnell.,time,A1
lang,Der lange Weg führt durch den Wald.,long,A1
leben,Er lebt schon lange in dieser Stadt.,to live,A1
die Frau,Die Frau winkte aus dem Fenster.,woman,A1
etwas,Etwas muss hier falsch gelaufen sein.,something,A2
selbst,Selbst die Experten waren überrascht.,even,A2
wenig,Wir haben wenige Optionen übrig.,few,A1
wenige,Wenige wussten von dem Geheimnis.,little,
finden,Er findet den Schlüssel unter dem Sofa.,to find,A1
gegen,Er kämpfte gegen den starken Wind.,against,A1
zwischen,Zwischen den Bäumen war es dunkel.,between,A1
drei,Drei Freunde gingen zusammen ins Kino.,three,
liegen,Das Buch liegt auf dem Schreibtisch.,to lie,A1
wo,"Ich weiß nicht, wo meine Tasche ist.",where,A1
nichts,Nichts ist für immer verloren.,nothing,A1
klein,"Das Haus ist klein, aber gemütlich.",small,A1
der Tag,Der Tag begann mit Sonnenschein.,day,A1
deutsch,Er liest gerne deutsche Literatur.,German,A1
bleiben,Er blieb die ganze Nacht wach.,to stay,A1
nun,Nun beginnen wir mit der Arbeit.,now,B1
sondern,"Er ist nicht faul, sondern fleißig.",but (on the contrary),B1
heute,Heute müssen wir viel erledigen.,today,A1
beide,Beide trafen sich gestern wieder.,both,A1
hoch,Der Baum ist sehr hoch gewachsen.,high,A1
damit,Er ist endlich zufrieden damit.,with it,B1
ohne,Er ging ohne ein Wort zu sagen.,without,A1
des,,of the (gen.),A1
der Mann,Der Mann hilft seinem Nachbarn oft.,man,A1
welche,Welches Buch suchst du gerade?,which,
tun,"Ich weiß nicht, was ich tun soll.",to do,A1
einmal,Wir treffen uns einmal pro Woche.,once,A1
ihnen,Er hat ihnen das Buch gegeben.,them,A1
heißen,Er heißt Max und wohnt in Berlin.,to be called,A1
ob,"Ob er es schafft, ist fraglich.",whether,B1
denken,Er denkt oft an seine Kindheit.,to think,A2
dabei,"Er war dabei, als es passierte.",with (somebody),A2
seit,Ich wohne hier seit drei Jahren.,since,A1
einfach,Der Film hatte eine einfache Handlung.,simple,A1
erst,Sie kam erst um Mitternacht nach Hause.,first,A2
das Kind,Das Kind spielt im Sandkasten.,child,A1
das Land,Im Land herrscht eine ernste Krise.,land,A1
stellen,Ich stelle die Vase auf den Tisch.,to place,A1
zeigen,Er zeigt mir den Weg zur Stadt.,to show,A2
natürlich,Der Fluss folgt seinem natürlichen Lauf.,natural,A2
alt,"Das Buch ist sehr alt, aber interessant.",old,A1
dort,Sie lebt dort in einem kleinen Dorf.,over there,A1
das Deutschland,Deutschland ist bekannt für Autos.,Germany,A2
eines,,of a (gen.),B1
gleich,Wir haben das gleiche Problem.,same,A1
nehmen,Er nahm das Buch und ging weg.,to take,A1
dürfen,Er durfte nicht ohne Erlaubnis gehen.,to be allowed to may,A1
wichtig,Pünktlichkeit ist im Job wichtig.,important,A1
vielleicht,Vielleicht sehen wir uns nächste Woche.,perhaps,A1
hören,Ich habe einen Vogel singen gehört.,to hear,A1
das Haus,Das Haus steht leer seit Monaten.,house,A1
nein,"Nein, das kann nicht wahr sein!",no,A1
wer,Wer hat den Schlüssel genommen?,who,A1
dazu,Sie kochte und deckte dazu den Tisch.,in addition,A1
eigentlich,Er ist der eigentliche Besitzer.,actual,A2
letzte,Die letzte Chance ist nun vorbei.,last,A1
fragen,Er fragte nach dem Weg zum Bahnhof.,to ask,A1
der Herr,Herr Müller ist heute nicht im Büro.,Mr.,A1
halten,Er hält das Seil fest in der Hand.,to stop,A1
glauben,Er glaubt an das Gute im Menschen.,to believe,A1
die Frage,Die Frage blieb unbeantwortet.,question,A1
gelten,Das Angebot gilt nur für heute.,to be valid,B1
gerade,Er hat die Linie gerade gezogen.,straight,A1
folgen,Der Hund folgte seinem Besitzer.,to follow,B1
sprechen,Wir haben lange miteinander gesprochen.,to speak,A1
führen,Er führt die Gruppe durch den Wald.,to lead,B1
bringen,Er brachte das Paket zur Post.,to bring,A1
die Welt,Die Welt dreht sich immer weiter.,world,A1
gar,"Gar nichts passiert, keine Sorge!",at all,B1
eigen,Er brachte sein eigenes Essen mit.,own,A2
genau,Ich habe den genauen Termin vergessen.,exact,A2
mögen,Er mochte den Kuchen sehr gern.,to like,A1
spät,"Es tut mir leid, dass ich so spät bin.",late,A1
bereits,Er ist bereits auf dem Weg hierher.,already,B1
möglich,Es gibt keine möglichen Ausreden mehr.,possible,A1
das Prozent,Das Produkt ist zehn Prozent teurer.,percent,A2
während,"Während ich lese, höre ich Musik.",while,B1
einige,Einige von uns gingen früh nach Hause.,a few,A1
dafür,"Ich bin dafür, dass wir loslegen.",for it,B1
kurz,"Das Meeting war kurz, aber produktiv.",short,A1
richtig,Deine Lösung ist absolut richtig.,correct,A1
stark,Der Wind wehte heute besonders stark.,strong,A2
brauchen,Wir brauchen mehr Informationen.,to need,A1
die Hand,Er hält die Hand seiner Mutter.,hand,A1
etwa,Etwa zehn Leute kamen zur Party.,about,B1
weitere,Ein weiterer Vorschlag wurde gemacht.,additional,
das Ende,Am Ende des Tages sind wir alle müde.,end,A1
schreiben,Er schreibt einen Brief an seine Mutter.,to write,A1
solch,Solch ein Verhalten ist unakzeptabel.,such,B1
nie,Er hat nie wieder daran gedacht.,never,A1
der Fall,Der Fall wurde schnell gelöst.,fall,B1
schön,Am See war es gestern sehr schön.,beautiful,A1
wirklich,Das wirkliche Problem liegt woanders.,real,A2
denen,"Er hilft denen, die ihn brauchen.",whom,C1
nennen,Sie nannten ihre Tochter Maria.,to name,A2
warum,Warum fragst du immer wieder dasselbe?,why,A1
ziehen,Ich ziehe nächste Woche nach Berlin.,to pull,B1
das Wort,Das Wort hat viele Bedeutungen.,word,A1
darauf,Die Katze sprang plötzlich darauf.,on it,A1
eben,Ich habe ihn eben an der Tür gesehen.,just,B1
die Seite,Der Fluss ist auf der rechten Seite.,side,A2
das Teil,Das Teil des Motors ist defekt.,part,A1
jung,Der junge Mann geht zur Arbeit.,young,A1
vier,Vier Freunde kamen zusammen zum Essen.,four,C1
besser,Heute fühle ich mich schon besser.,better,
fast,Er war fast zu spät zum Meeting.,almost,A2
schnell,Wir brauchen eine schnelle Antwort.,quick,A1
die Stadt,Die Stadt leuchtet in der Nacht hell.,city,A1
spielen,Die Kinder spielen fröhlich im Park.,to play,A1
zwar,"Es ist zwar kalt, aber die Sonne scheint.",although,B1
der Euro,Der Euro ist eine stabile Währung.,euro (unit of currency),B1
die Arbeit,Die Arbeit begann um acht Uhr.,work,A1
die Million,Der Gewinn beträgt eine Million Euro.,million,A1
das Problem,Das Problem ist schnell gelöst.,problem,A1
verstehen,Er versteht die Aufgabe nicht.,to understand,A1
bekommen,Er bekommt morgen sein Gehalt.,to get,A1
meinen,"Er meint, das wäre eine gute Idee.",to think,A2
davon,Er hat bisher nichts davon gehört.,from it,A1
fahren,Sie fährt jeden Morgen zur Arbeit.,to drive,A1
kennen,Ich kenne ihn seit vielen Jahren.,to know,A1
dich,Ich habe dich lange nicht gesehen.,you,A1
die Mutter,Die Mutter umarmte ihr Kind liebevoll.,mother,A1
die Woche,Die Woche ging sehr schnell vorbei.,week,A1
der Weg,Der Weg führte direkt zum Ziel.,path,A2
weiter,Der Artikel enthält weitere Details.,further,A1
das Auge,Sie hat ein blaues Auge nach dem Sturz.,eye,A1
oft,Er besucht sie oft am Wochenende.,often,A1
die Leute,Die Leute gingen schweigend fort.,people,A1
allerdings,"Es regnet, allerdings nicht stark.",though,B1
sogar,Das ist sogar besser als erwartet!,even,A2
jedoch,"Er kam, jedoch war er zu spät.",however,B1
setzen,Er setzt die Pflanze ins Sonnenlicht.,place,A1
deshalb,"Es regnete, deshalb blieb ich im Hotel.",so,A2
weit,Er blickte weit in die Zukunft.,widely,A1
sitzen,Er hat stundenlang am Fenster gesessen.,to sit,A1
der Vater,Der Vater brachte die Kinder zur Schule.,father,A1
dein,Dein Buch liegt noch im Wohnzimmer.,your,A1
arbeiten,Er arbeitet seit Jahren in dieser Firma.,to work,A1
das Geld,Ich habe mein ganzes Geld ausgegeben.,money,A1
das Unternehmen,Das Unternehmen expandiert weiter.,enterprise,A2
nächste,Das nächste Treffen ist im März.,next,
erklären,Der Lehrer erklärt die Aufgabe.,to explain,A1
klar,Klare Anweisungen verhinderten Fehler.,clear,A1
der Doktor,Der Doktor verschrieb ein Medikament.,doctor,A1
das Paar,Das Paar ging zusammen durch den Park.,pair,A2
recht,"Es ist mir recht, wenn wir später gehen.",(all) right,B1
wegen,Wegen des Regens blieb er zu Hause.,because of,A2
dir,Ich habe dir das Buch gegeben.,you,A1
das Wasser,Das Wasser kocht auf dem Herd.,water,A1
bestehen,Er hat die schwierige Prüfung bestanden.,to exist,A2
versuchen,"Er versucht, das Problem zu lösen.",to try,A2
der Punkt,Kannst du bitte zum Punkt kommen?,dot,B1
der Grund,Der Grund bleibt ihm ein Rätsel.,reason,B1
der Kopf,Er hielt den Kopf gesenkt und schwieg.,head,A1
beginnen,Er beginnt jeden Tag mit einem Lächeln.,to begin,A1
laufen,Er läuft jeden Morgen fünf Kilometer.,to run,A1
das Bild,Das Bild hängt schief an der Wand.,picture,A1
verschieden,Er probierte verschiedene Methoden aus.,different,A2
der Name,Sein Name steht auf der Liste.,name,A1
die Aufgabe,Die Aufgabe ist ziemlich schwer.,task,A1
schwer,Der Koffer war schwer zu tragen.,difficult,A1
entsprechen,Das Ergebnis entspricht den Erwartungen.,to correspond,B1
treffen,Wir treffen uns heute Abend im Café.,to meet,B1
die Art,Welche Art von Musik magst du?,type,A1
wohl,"Wohl vorbereitet, ging er zur Prüfung.",well,B1
die Geschichte,Die Geschichte ist spannend erzählt.,history,A2
erzählen,Sie erzählt ihm eine Geschichte.,to tell,A1
entstehen,Neue Ideen entstehen oft spontan.,to originate,B1
sicher,Das Gebäude ist absolut sicher.,safe,A2
neben,Das Auto steht neben dem Haus.,next to,A2
allein,Er lebt allein in einer Wohnung.,alone,A1
die Abbildung,Die Abbildung zeigt das Ergebnis.,illustration,B1
hinter,Der Garten liegt hinter dem Haus.,behind,A2
besonders,Er hat sich besonders viel Mühe gegeben.,particularly,A2
tragen,Er trägt die schwere Tasche zum Auto.,to carry,A2
kaum,Kaum jemand war noch anwesend.,hardly,B1
der Freund,Mein Freund hilft mir bei allem.,friend,A1
fünf,Fünf Äpfel liegen auf dem Tisch.,five,C2
scheinen,Die Sonne scheint hell durch die Wolken.,to shine,A1
die Stunde,Die Stunde verging viel zu schnell.,hour,A1
aussehen,Sie sieht heute besonders müde aus.,to appear,A1
gern,Ich lese sehr gern gute Bücher.,(with a verb) love to,A2
überhaupt,Ich verstehe überhaupt nichts.,at all,B1
bestimmt,Er hat ein bestimmtes Talent für Musik.,special,B1
sowie,Er bringt Obst sowie Gemüse mit.,as well as,B1
der Professor,Der Professor hielt eine Vorlesung.,professor,B1
darüber,Er sprach nicht gerne darüber.,above it,A1
deren,"Das ist die Frau, deren Hund laut bellt.",whose,
schaffen,"Es ist schwer, aber wir schaffen es.",to manage,A2
damals,Sie war damals meine beste Freundin.,back then,A2
erhalten,Ich habe deinen Brief erhalten.,to receive,B1
lernen,Er lernt gerade das Klavierspielen.,to learn,A1
frei,In diesem Land sind die Bürger frei.,free,A1
wert,Das Auto ist nicht mehr viel wert.,worth,B1
beziehungsweise,"Das Konzert ist heute, bzw. um acht.",or rather,C1
daran,Wir arbeiten schon seit Stunden daran.,on it,A1
suchen,Er suchte den Schlüssel überall.,to search,A1
das Europa,Europa ist kulturell vielfältig.,Europe,A2
gemeinsam,Wir haben ein gemeinsames Ziel.,common,B1
rund,Der Tisch hat eine runde Form.,round,A2
die Zahl,Die Zahl der Besucher stieg an.,number,A2
das Thema,Das Thema weckt großes Interesse.,subject,A1
handeln,Er handelt oft mit seltenen Büchern.,to deal,A1
das Buch,Er hat das Buch in einem Rutsch gelesen.,book,A1
deutlich,Die Anweisungen waren deutlich.,clear,A2
anders,Es hätte anders laufen können.,different,A2
politisch,Die politische Lage spitzt sich zu.,political,B1
lesen,Ich lese jeden Abend ein Buch.,to read,A1
der Blick,Der Blick aus dem Fenster war schön.,look,A1
die Form,Der Tisch hat die Form eines Sterns.,form,B1
einzeln,Jedes einzelne Leben ist kostbar.,individual,B1
erreichen,Wir müssen das Ziel erreichen.,to achieve,A2
vergehen,Die Stunden vergehen heute sehr schnell.,to pass (time),A2
leicht,Ein leichter Wind bewegte die Blätter.,light,A1
je,Die Teilnehmer zahlen je 20 Euro.,ever,B1
verlieren,Er verliert oft seinen Schlüssel.,to lose,A2
beste,Er ist der beste Spieler im Team.,best,
bilden,Sie bilden eine starke Gruppe.,to form,A2
der Monat,Der Monat Januar ist oft kalt.,month,A1
die Lösung,Die Lösung des Rätsels war einfach.,solution,A1
die Sache,Die Sache ist ziemlich kompliziert.,thing,A2
bekannt,Sie ist eine bekannte Sängerin.,well-known,A1
das Ziel,Das Ziel war endlich erreicht.,destination,A2
steigen,Er stieg vorsichtig die Treppe.,to climb,B1
eher,Ich würde eher zu Hause bleiben.,sooner,B1
essen,Ich habe gestern zu viel gegessen.,to eat,A1
die Minute,Er kam nur fünf Minuten zu spät.,minute,A1
nachts,Nachts ist es hier besonders still.,at night,A1
die Nacht,Die Nacht war klar und voller Sterne.,night,A1
der Platz,Dieser Platz ist ideal für ein Picknick.,place,A1
schlecht,Das Wetter war heute wirklich schlecht.,bad,A1
das Spiel,Das Spiel beginnt um acht Uhr.,game,A2
die Familie,Die Familie traf sich zum Essen.,family,A1
jemand,Jemand hat an der Tür geklopft.,someone,A2
dessen,"Das ist der Mann, dessen Buch du liest.",whose,
fallen,Das Blatt ist leise zu Boden gefallen.,to fall,A2
zehn,Zehn Leute warteten vor der Tür.,ten,C2
der Preis,Der Preis für das Haus ist zu hoch.,price,A1
europäisch,Der europäische Markt ist stabil.,European,B2
sonst,Sonst passiert hier nicht viel.,otherwise,A2
der Staat,Der Staat investiert in Bildung.,state,A2
helfen,Er hilft ihr bei den Hausaufgaben.,to help,A1
der Bereich,Der Bereich ist für Kinder gesperrt.,area,B1
tatsächlich,Die tatsächlichen Kosten sind höher.,real,B1
der Ort,Der Ort des Treffens ist der Park.,place,A1
abends,Wir treffen uns abends im Park.,in the evening,A2
der Abend,Es war ein sehr entspannter Abend.,evening,A1
einzig,"Er ist der einzige, der es kann.",only,B1
die Stelle,An dieser Stelle hatte ich einen Unfall.,place,A1
unterschiedlich,Die Meinungen dazu sind unterschiedlich.,different,B1
das Gesicht,Sein Gesicht zeigte keine Regung.,face,A2
die Entwicklung,Die Entwicklung der Stadt dauert Jahre.,development,B1
die Uhr,Die Uhr zeigt fünf Minuten vor zwölf.,clock,A1
mehrere,Mehrere Leute warteten auf den Bus.,several,B1
schließen,Er schloss die Tür leise hinter sich.,to close,A1
schließlich,Schließlich hat er zugestimmt.,finally,A1
legen,Er legt das Buch auf den Tisch.,to lay,A1
direkt,Ich bevorzuge direkte Kommunikation.,direct,A2
daher,"Sie war müde, daher ging sie früh ins Bett.",from there,B1
offen,Die offene Tür lädt zum Hereinkommen.,open,A2
erkennen,Er erkannte den Fehler sofort.,to recognize,B1
die Person,Die Person am Telefon war sehr höflich.,person,A2
der Moment,Der Moment ist perfekt für ein Foto.,moment,A1
die Schule,Die Schule beginnt um acht Uhr.,school,A1
darin,Darin steckt das Geheimnis ihrer Kraft.,in it,A1
das Auto,Das Auto parkte direkt vor dem Haus.,automobile,A1
niemand,"Niemand wusste, was zu tun war.",no one,A2
die Gesellschaft,Die Gesellschaft entwickelt sich stetig.,society,B1
warten,Er wartet ungeduldig auf den Bus.,to wait,A1
vorstellen,Er stellt seine Idee der Gruppe vor.,to introduce,A1
früh,Der frühe Vogel fängt den Wurm.,early,A2
treten,Er trat vorsichtig über die Schwelle.,to step,B1
reden,Sie redeten lange über den Vorfall.,to talk,A2
die Gruppe,Die Gruppe arbeitet gut zusammen.,group,A1
das Ding,Das Ding auf dem Tisch gehört mir.,thing,A2
na,"Na, wie war dein Wochenende so?",well,A1
gewinnen,Er gewann das Spiel im letzten Moment.,to win,A1
zunächst,Zunächst erklärt er die Regeln.,first,B1
die Tür,Sie schloss die Tür leise hinter sich.,door,A2
der Schritt,Er macht einen großen Schritt nach vorn.,step,B1
entwickeln,Das Team entwickelt eine neue Software.,to develop,B1
meiste,Die meiste Zeit verbringt er draußen.,most,
die Möglichkeit,Wir haben die Möglichkeit zu verhandeln.,possibility,B1
der Sinn,Der Sinn des Lebens bleibt ein Rätsel.,sense,B1
passieren,Der Unfall ist an der Kreuzung passiert.,to take place,A2
manchmal,Manchmal gehe ich früh schlafen.,sometimes,A2
der Vergleich,Im Vergleich zu dir bin ich langsamer.,comparison,B1
das System,Das System funktioniert reibungslos.,system,B1
die Rolle,Er spielt die Rolle des Helden im Theater.,role,B1
das Ergebnis,Das Ergebnis wurde heute veröffentlicht.,result,A1
vergleichen,Er verglich die Preise der Produkte.,to compare,A2
voll,Das Glas ist bis zum Rand voll.,full,A2
erwarten,"Ich erwarte, dass du pünktlich bist.",to expect,A1
obwohl,"Er hilft mir, obwohl er viel zu tun hat.",although,B1
die Straße,Die Straße war nach dem Regen ganz nass.,street,A1
die Angst,Die Angst war in seinen Augen zu sehen.,fear,A2
allgemein,Die allgemeine Regel hatte Ausnahmen.,general,B1
fühlen,Er fühlt sich hier nicht willkommen.,to feel,B1
jene,Jene Menschen kämpften für die Freiheit.,that,
erinnern,Sie hat ihn an das Treffen erinnert.,to remind,B1
oh,"Oh, das habe ich nicht erwartet!",oh,A1
bedeuten,Das bedeutet viel für unsere Zukunft.,to mean,A1
die Stimme,Die Stimme hallte durch den leeren Raum.,voice,B1
die Reaktion,Die Reaktion kam unerwartet schnell.,reaction,B1
wirken,Das Medikament wirkt sehr langsam.,to have an effect,B1
darstellen,Wie willst du deine Idee darstellen?,to depict,B1
der Raum,Der Raum ist voll mit Menschen.,room,A1
die Eltern,Die Eltern holen die Kinder ab.,parents,B1
bezeichnen,Viele Menschen bezeichnen ihn als Genie.,to call,B1
die Funktion,Was ist die Funktion des Gesetzes?,function,B2
häufig,Häufige Fehler stoppten den Fortschritt.,frequent,B1
erscheinen,Der Bericht erscheint bald online.,to appear,A1
die USA,Die USA sind wirtschaftlich stark.,USA,A2
der Flüchtling,Der Flüchtling fand eine neue Heimat.,refugee,B2
früher,Früher war er immer pünktlich.,in the past,
das Pro,Sie listete Pro und Kontra auf.,pro,A2
ergeben,Die Analyse ergab neue Erkenntnisse.,to result in,A1
entscheiden,Er entscheidet sich für das rote Auto.,to decide,B1
die Universität,Die Universität bietet viele Kurse.,university,A2
betreffen,Das betrifft uns alle gleichermaßen.,to affect,A2
oben,Die Sterne leuchten hell oben.,above,A1
die Richtung,Wir fahren in die richtige Richtung.,direction,B1
bestimmen,Er bestimmt den nächsten Schritt.,to decide,A1
fehlen,Der Schlüssel hat in der Box gefehlt.,to lack,A1
die Sprache,Er spricht mehrere Sprachen fließend.,language,A1
das Produkt,Das Produkt wurde ziemlich beliebt.,product,A2
die Situation,Die Situation entspannt sich langsam.,situation,A2
außerdem,"Ich habe Hunger, außerdem bin ich müde.",besides,A2
nämlich,"Sie hat einen Hund, nämlich einen boxer.",you see,B1
international,Das internationale Treffen beginnt bald.,international,A1
der Anfang,Der Anfang war schwer für uns alle.,beginning,A1
sechs,Sechs Minuten blieben noch auf der Uhr.,six,C2
nutzen,Er nutzt jede Gelegenheit zum Lernen.,to use,B1
sozial,Soziale Gerechtigkeit ist ihm wichtig.,social,B1
die Folge,Dieser Fehler hatte ernste Folgen.,result,B1
der Satz,Der Satz endet mit einem Punkt.,sentence,A1
manche,Manche Leute verstehen das nicht.,some,
die Verbindung,Die Verbindung klappt ohne Probleme.,connection,B1
beschreiben,Er beschreibt den Vorfall genau.,to describe,A2
das Licht,Das Licht erhellt den Raum sofort.,light,A1
ähnlich,Die ähnliche Idee wurde schon genutzt.,similar,B1
die Regel,Die Regel ist einfach zu verstehen.,rule,B1
gegenüber,Sein Haus liegt gegenüber dem Park.,opposite,A2
der Kollege,Der Kollege half mir bei der Aufgabe.,colleague,A1
bisher,Bisher hat er alle Prüfungen bestanden.,until now,B1
tief,Der Brunnen im Dorf ist sehr tief.,deep,A2
halb,Der halbe Weg war schon gegangen.,half,B1
lachen,Die Kinder lachen laut im Garten.,to laugh,A1
ebenfalls,Er trat ebenfalls dem Team bei.,likewise,B1
sofort,Er reagierte sofort auf den Anruf.,immediately,A1
die Grenze,Die Grenze wurde streng bewacht.,border,B1
ändern,Er ändert seinen Plan in letzter Minute.,to change,A2
die Entscheidung,Die Entscheidung fiel einstimmig.,decision,B1
verlassen,Er verlässt das Haus um acht Uhr.,to leave,B1
die Idee,Die Idee war einfach brillant.,idea,A2
verbinden,Er verbindet das Kabel mit dem Gerät.,to connect,B1
die Milliarde,Eine Milliarde Euro wurde investiert.,billion,B1
endlich,Endlich kam der langersehnte Brief.,finally,A2
die Energie,Sie speichert Energie in den Batterien.,energy,B1
plötzlich,Plötzlich war alles still um uns.,suddenly,A2
danach,"Er fragte danach, was passiert sei.",after it,B1
die Kraft,"Sie hat nicht genug Kraft, das zu heben.",strength,B1
lieber,Er trinkt lieber Tee als Kaffee.,rather,
gehören,Das Buch gehört eigentlich mir.,to belong,A1
einsetzen,Er hat die Batterien richtig eingesetzt.,to put in,B1
das Gefühl,Ein warmes Gefühl durchströmte sie.,feeling,B1
trotzdem,Trotzdem blieb er fest entschlossen.,nevertheless,B1
befinden,Wir befinden uns gerade in der Stadt.,to be,A1
die Information,Die Information war hilfreich.,information,A1
dadurch,"Sie schlief wenig, dadurch war sie müde.",through it,A2
dagegen,"Ich bin dagegen, dass wir so früh gehen.",against it,B1
die Weise,"Jeder hat seine Weise, zu lernen.",way,A1
die Zukunft,Die Zukunft gehört den Mutigen.,future,B1
wachsen,Das Gras wächst schneller im Sommer.,to grow,B1
bitte,Bitte reich mir das Salz herüber.,please,A1
weiß,Der weiße Schnee bedeckt das ganze Tal.,white,A2
der Text,Der Text erklärt die Regeln deutlich.,text,A1
schwarz,Der schwarze Anzug steht ihm gut.,black,A1
sterben,Viele Helden starben im Krieg.,to die,A2
der Markt,Der Markt öffnet jeden Morgen um 8 Uhr.,market,A2
rot,Die Blumen im Garten sind leuchtend rot.,red,A2
halt,"Das ist halt so, akzeptier es.",just,A1
der Meter,Das Zimmer ist zehn Meter lang.,meter,A1
nah,Wir wohnen in einer nahen Stadt.,near(by),A1
nahe,Der Park liegt nahe am Bahnhof.,near,
die Hilfe,Die Hilfe kam genau rechtzeitig.,help,A1
das Kapitel,Das Kapitel behandelt wichtige Themen.,chapter,B1
ausgehen,Er ging gestern Abend mit Freunden aus.,to go out,A2
die Bedeutung,Die Bedeutung dieser Entdeckung ist enorm.,meaning,B1
betrachten,Er betrachtete das Bild aufmerksam.,to look at,A2
die Chemie,Die Chemie zwischen ihnen stimmte.,chemistry,B2
die Luft,Die Luft roch frisch nach Regen.,air,B1
der Körper,Der Körper ist ein komplexes System.,body,A2
die Struktur,Die Struktur des Gebäudes ist stabil.,structure,B2
stimmen,Der Bericht stimmt vollständig.,to be correct,B1
bitten,Er bat um Geduld und Verständnis.,to request,A1
das Jahrhundert,Das Jahrhundert neigt sich dem Ende zu.,century,A2
wahrscheinlich,Der wahrscheinliche Zeitpunkt ist 9 Uhr.,likely,A2
öffentlich,Die öffentliche Meinung ist gespalten.,public,B1
euch,Ich habe euch lange nicht gesehen.,you,A1
insgesamt,Es gab insgesamt zehn Teilnehmer.,in all,B1
anfangen,Der Film fängt in zehn Minuten an.,to begin,A1
genug,Er hat mehr als genug gegessen.,enough,A2
das Deutsche,Viele Deutsche sprechen Englisch.,German,
verändern,Das Wetter hat sich verändert.,to change,A1
die Wohnung,Wir ziehen nächste Woche in die Wohnung.,apartment,A1
gelingen,Der Plan muss diesmal gelingen.,to succeed,B1
bald,Bald ist die Arbeit endlich vorbei.,soon,A1
gering,Es gab nur geringe Veränderungen.,low,B1
der Film,Der Film fesselte die Zuschauer.,film,A1
kaufen,Er kauft jeden Morgen frisches Brot.,to buy,A1
ansehen,Sie sahen sich den neuen Film an.,to look at,A2
öffnen,Er öffnete vorsichtig die Tür.,to open,A1
die Musik,Die Musik weckt alte Erinnerungen.,music,B1
schauen,Er schaute in den Spiegel und lachte.,to look,B1
das Stück,Ein Stück Kuchen liegt auf dem Teller.,piece,A2
besondere,Er hat eine besondere Art zu sprechen.,special,A1
tot,Der Baum im Garten ist leider tot.,dead,A1
der Gott,Gott sei Dank ist alles gut gegangen.,God,B1
völlig,Ich bin heute völlig erschöpft.,completely,B1
positiv,Er gab eine positive Rückmeldung.,positive,B1
das Gespräch,Das Gespräch verlief freundlich.,conversation,A1
darum,"Ich habe Hunger, darum esse ich jetzt.",around it,A1
der Kunde,Der Kunde war zufrieden mit dem Service.,customer,A1
die Menge,Die Menge an Stress steigt täglich.,quantity,A2
die Regierung,Die Regierung plant neue Maßnahmen.,rule,A1
die Antwort,Die Antwort auf die Frage war einfach.,answer,A1
annehmen,Er nahm das Geschenk freundlich an.,to accept,B1
falsch,Die Antwort war leider falsch.,false,A1
der Zusammenhang,Der historische Zusammenhang fehlt.,connection,B1
langsam,Der Verkehr in der Stadt ist langsam.,slow,A1
der Arm,Der Arm schmerzte nach dem Unfall.,arm,A1
nachdem,"Nachdem er ging, wurde es ruhig.",after,B1
der Tisch,Der Tisch in der Küche ist aus Holz.,table,A1
rufen,Sie ruft ihre Kinder zum Abendessen.,to call,A2
bieten,Der Verkäufer bietet einen Rabatt.,to offer,B1
das Herz,Das Herz schlägt schnell vor Aufregung.,heart,B1
zusammen,Wir haben zusammen eine Lösung gefunden.,together,A1
inzwischen,Inzwischen hat sich viel verändert.,in the meantime,B1
ebenso,"Ich mag Borschtsch, ebenso wie er.",just as,B1
der Boden,Der Boden war feucht vom Regen.,ground,B1
bevor,"Bevor es regnet, gehen wir heim.",before,B1
verwenden,Er verwendete das alte Werkzeug erneut.,to use,B1
die Politik,Die Politik bestimmt das Leben.,politics,B1
der Tod,Der Tod des Tieres war friedlich.,death,B1
der Erfolg,Sie hat ihren Erfolg hart erarbeitet.,success,B1
zudem,"Die Wohnung ist groß, zudem gut gelegen.",moreover,B2
die Bank,Die Bank gewährte ihm einen Kredit.,bank,A1
ab,Ab jetzt gilt eine neue Regel.,from,A1
persönlich,Sie schrieb mir eine persönliche E-Mail.,personal,B1
der Präsident,Der Präsident hielt eine Rede.,president,A1
holen,Er holt die Zeitung aus dem Briefkasten.,to get,A1
der Junge,Der Junge spielt draußen im Garten.,boy,A1
sogenannt,Er ist der sogenannte Experte im Team.,so-called,B1
die Polizei,Die Polizei ermittelt im Fall.,police,A1
die Chance,"Gib dir die Chance, dich zu verbessern.",chance,B1
gewiss,Ich bin mir dessen ganz gewiss.,certain,B1
innerhalb,Innerhalb einer Stunde war er da.,within,B1
die Kunst,Die Kunst des Malens fasziniert mich.,art,A2
die Lage,Die Lage verschärft sich täglich.,situation,B1
der Schüler,Der Schüler schrieb einen Aufsatz.,pupil,A1
gesamt,Das gesamte Team arbeitet hart.,whole,A1
der Druck,Der Druck auf den Knopf ist zu stark.,pressure,B1
verschwinden,Die Sonne verschwand hinter den Wolken.,to disappear,B1
wohnen,Er wohnt seit Jahren in Berlin.,to live,A1
bewegen,Er bewegt den Tisch in die Ecke.,to move,B1
enthalten,Die Box enthält alle Werkzeuge.,to contain,B1
aufnehmen,Er nahm das Gespräch mit dem Handy auf.,to take in,B1
die Kosten,Die Kosten stiegen letztes Jahr.,costs,A1
das Wintersemester,Das Wintersemester beginnt im Oktober.,winter semester,
merken,"Er merkte, dass etwas nicht stimmte.",to notice,A2
fest,Das Auto hat feste Winterreifen.,firm,A2
aktuell,Die aktuelle Situation ist schwierig.,current,A2
der Begriff,Dieser Begriff ist schwer zu definieren.,concept,B1
erleben,Er erlebt das Abenteuer seines Lebens.,to experience,B1
relativ,Der relative Unterschied ist klein.,relative,B1
laut,Laut der Nachrichten regnet es morgen.,according to,A1
der Fuß,Er tritt den Ball mit dem Fuß.,foot,A1
die Daten,Wir haben leider alle Daten gelöscht.,data,B1
der Krieg,Der Krieg forderte viele Opfer.,war,B1
der Gast,Der Gast verließ das Haus schweigend.,guest,A1
die Aussage,Ich stimme der Aussage vollkommen zu.,statement,A1
das Gesetz,Das Gesetz wurde letztes Jahr geändert.,law,B1
planen,Er plant seinen nächsten Urlaub.,to plan,A2
schwierig,Die Prüfung war extrem schwierig.,difficult,A2
der Kilometer,Er läuft fünf Kilometer am Tag.,kilometer,A2
zusätzlich,Wir brauchen zusätzliche Mittel.,additional,B1
vergessen,Er vergisst oft seine Schlüssel.,to forget,A2
der Gedanke,Ein interessanter Gedanke kam mir.,thought,B1
besitzen,Er besitzt ein großes Haus am See.,to own,B1
ach,"Ach, das habe ich schon vergessen.",oh,A1
die Partei,Die Partei gewann viele Stimmen.,(political) party,B1
freuen,Er freut sich über das Geschenk.,to be happy,A1
hängen,Er hängt das Bild an die Wand.,to hang,A2
berichten,Der Reporter berichtet live vor Ort.,to report,A2
die Zelle,Die Zellen teilten sich schnell.,cell,A2
eng,Die Gassen der Altstadt sind eng.,narrow,A2
die Kultur,Die Kultur des Landes fasziniert mich.,culture,A2
der Prozess,Der Prozess beginnt nächste Woche.,trial,B1
der Sohn,Der Sohn hilft seinem Vater im Garten.,son,A1
der Dank,Er drückte seinen Dank aufrichtig aus.,gratefulness,A1
trotz,Trotz des Regens gingen wir spazieren.,in spite of,B1
fordern,Sie fordern eine faire Bezahlung.,to demand,B1
studieren,Sie studiert Medizin an der Universität.,to study,A1
gefallen,Der Film hat mir gut gefallen.,to please,A1
das Mädchen,Das Mädchen singt ein schönes Lied.,girl,A1
das Verhalten,Das Verhalten ändert sich langsam.,behavior,B1
mindestens,Das dauert mindestens eine Stunde.,at least,A2
ziemlich,Sie ist ziemlich gut in Mathe.,quite,B1
das Interesse,Das Interesse am Thema wächst.,interest,A2
unterscheiden,Man kann die beiden kaum unterscheiden.,to distinguish,B1
wobei,"Er spielt Gitarre, wobei er laut singt.",whereby,B1
jeweils,Die Spiele beginnen jeweils um acht.,each,B1
reichen,Reicht das Geld für den gesamten Urlaub?,to reach,B1
sieben,Er hat sieben Tage die Woche gearbeitet.,seven,B2
zumindest,Zumindest hast du es versucht.,at least,B1
schlagen,Er schlug den Ball über das Netz.,to hit,B1
das Tier,Im Wald lebt ein seltenes Tier.,animal,A2
jedenfalls,Jedenfalls werde ich den Zug nehmen.,in any case,A1
am,Er war am besten im ganzen Team.,the (superlative),C2
erhöhen,Er erhöht den Preis um 10 Prozent.,to raise,B1
sorgen,Er sorgt gut für seine Familie.,to worry,B1
die Erfahrung,Er sammelte viel Erfahrung im Beruf.,experience,A2
der Patient,Der Patient wartet auf den Arzt.,patient,B1
morgens,Morgens trinke ich immer Kaffee.,in the morning,A2
der Morgen,Der Morgen ist ruhig und kühl.,morning,A1
der Arzt,Der Arzt hat mir eine Spritze gegeben.,physician,A1
geschehen,Ein Unfall ist hier geschehen.,to happen,B1
das Bayern,In Bayern gibt es schöne Seen.,Bavaria,C1
lösen,Wie willst du das Problem lösen?,to solve,B1
irgendwie,Irgendwie fand er den Weg nach Hause.,somehow,A1
anbieten,Er bot mir seine Hilfe freundlich an.,to offer,A1
vorkommen,"Das kommt öfter vor, als man denkt.",to happen,B1
okay,"Wenn du okay bist, gehen wir weiter.",okay,A1
wünschen,Er wünscht sich ein neues Fahrrad.,to want,A2
interessieren,Das Thema interessiert ihn sehr.,to interest,B1
der Unterschied,Der Unterschied zeigt sich deutlich.,difference,A2
das Foto,Er nahm das Foto und zeigte es allen.,photograph,A1
trinken,Ich trinke jeden Morgen Wasser.,to drink,A1
dasselbe,Er trug dasselbe Hemd wie gestern zur Arbeit.,the same (one),A1
wählen,Er wählt immer denselben Kandidaten.,to choose,A2
gleichzeitig,Die beiden Kinder redeten gleichzeitig.,simultaneously,B1
knapp,Der Vorrat an Lebensmitteln ist knapp.,scarce,B1
der Mitarbeiter,Unsere Mitarbeiter sind immer pünktlich.,employee,A2
übernehmen,Er übernimmt die Leitung des Projekts.,to take over,B1
das Glück,Manchmal braucht man mehr Glück als Verstand.,luck,A1
normal,Nach dem Unfall ist alles wieder normal.,normal,A1
leider,Leider konnte er nicht kommen.,unfortunately,A1
die Grundlage,Das ist die Grundlage für den Erfolg.,basis,B2
acht,Er hat acht Stunden gearbeitet.,eight,
die Leistung,Die Leistung des Teams war stark.,performance,B1
vorliegen,Das Dokument liegt bereits vor.,to be available,B2
erfolgen,Die Lieferung erfolgt morgen früh.,to take place,B2
die Beziehung,Ihre Beziehung hält schon viele Jahre.,relation,B1
zunehmen,Der Verkehr nimmt jeden Morgen stark zu.,to increase,B1
das Molekül,Das Molekül besteht aus mehreren Atomen.,molecule,C1
stattfinden,Das Konzert findet morgen statt.,to take place,A2
ankommen,Der Zug kam pünktlich am Bahnhof an.,to arrive,A1
das Auftreten,Sein Auftreten war sehr selbstbewusst.,behavior,B1
insbesondere,"Er liebt Sport, insbesondere Fußball.",especially,B2
technisch,Das Problem ist technischer Natur.,technical,B1
wann,Wann hast du Zeit für ein Treffen?,when,A1
los,"Was ist hier los, warum schreien sie?",going on,A1
loswerden,Ich möchte endlich den alten Kram loswerden.,going on,A2
das Bett,Das Bett steht neben dem Fenster.,bed,A1
die Höhe,Die Höhe des Turms beeindruckt.,height,B1
wesentlich,Dieser Punkt ist wesentlich für uns.,essential,B1
englisch,Der englische Text ist schwer.,English,A2
zuletzt,Zuletzt sah ich ihn in der Stadt.,last,A2
rein,Das Wasser aus der Quelle ist rein.,pure,B1
das Zimmer,Das Zimmer ist sauber und aufgeräumt.,room,A1
indem,"Er spart Geld, indem er wenig kauft.",while,B1
bauen,Er baute das Haus ganz alleine.,to build,A2
das Verhältnis,Das Verhältnis bleibt angespannt.,relationship,B1
selten,Ein seltener Vogel wurde gesichtet.,rare,B1
die Zeitung,Die Zeitung berichtet täglich.,newspaper,A1
innere,Das innere Gleichgewicht ist wichtig.,internal,C2
beispielsweise,Beispielsweise mag er keine Hunde.,for example,C1
die Bedingung,Die Bedingung war schwierig zu erfüllen.,condition,B1
das Fenster,Das Fenster blieb die ganze Nacht offen.,window,A2
der Zug,"Der Zug fährt gleich ab, beeil dich!",train,A1
derzeit,Derzeit ist keine Änderung geplant.,at the moment,B2
funktionieren,Die Maschine funktioniert perfekt.,to function,B1
sowohl,Er ist sowohl Lehrer als auch Autor.,both ... and,B2
schlafen,Er schlief ruhig die ganze Nacht.,to sleep,A1
statt,Er nahm den Bus statt des Fahrrads.,instead of,B1
das Werk,Das Werk wurde veröffentlicht.,work,B1
grün,Das grüne Gras leuchtete in der Sonne.,green,A2
der Bürger,Der Bürger forderte mehr Transparenz.,citizen,B1
dienen,Dieses Buch dient als gutes Beispiel.,to serve,B1
echt,Er zeigte echten Enthusiasmus.,genuine,A2
die Firma,Die Firma stellt Computer her.,firm,A1
die Wirtschaft,Die Wirtschaft erholt sich langsam.,economy,B1
stecken,Sie steckte den Zettel in die Tasche.,to put,B1
hoffen,Er hofft auf gute Nachrichten.,to hope (for),A2
erfahren,Er erfährt die Neuigkeiten erst später.,to experience,B1
das Mittel,"Er nutzt jedes Mittel, um zu gewinnen.",means,A2
die Folie,Die Präsentation nutzte viele Folien.,slide,C1
leisten,Sie hat ihre Pflichten gut geleistet.,to perform,B1
die Tochter,Die Tochter besucht ihre Eltern.,daughter,A1
der Lehrer,Der Lehrer erklärt die Aufgabe.,teacher,A1
passen,Der Hut passt perfekt zu seinem Anzug.,to fit,A2
beobachten,Er beobachtet die Vögel im Garten.,to observe,B1
die Einführung,In der Einführung erklärt er das Thema.,introduction,B1
das Element,Sauerstoff ist ein chemisches Element.,element,B1
klingen,Seine Stimme klingt sehr angenehm.,to sound,B1
lieben,Er liebt sie von ganzem Herzen.,to love,A1
die Dame,Die Dame bestellte einen Kaffee.,lady,A1
die Vorlesung,Die Vorlesung beginnt um zehn Uhr.,lecture,B2
zählen,Kannst du bitte das Geld zählen?,to count,B1
meist,Meist ist er pünktlich zur Arbeit.,mostly,A1
dunkel,Es wurde plötzlich dunkel im Raum.,dark,A2
das Österreich,Österreich ist bekannt für seine Berge.,Austria,B2
das Modell,Das Modell wurde maßstabsgetreu gebaut.,model,B1
die Bewegung,Die Bewegung wurde immer schneller.,movement,B1
unten,Unten im Keller lagert der Wein.,down,A1
die Mitte,Er stand in der Mitte des Raums.,middle,A1
hin,"Er ging hin, um es selbst zu sehen.",there,A1
aufgrund,Aufgrund der Hitze war der Park leer.,on the basis of,A2
beschäftigen,Er beschäftigt sich mit der Aufgabe.,to employ,B1
zuvor,Er war schon zuvor in der Stadt.,previously,A1
miteinander,Sie sprachen lange miteinander.,with each other,B1
dennoch,"Es ist schwierig, dennoch machbar.",nevertheless,A2
werfen,Er warf den Ball über den Zaun.,to throw,B1
das Angebot,Das Angebot war sehr verlockend.,offer,A1
das Projekt,Das Projekt läuft seit einem Jahr.,project,A2
verkaufen,Er verkauft seine alten Bücher online.,to sell,A1
reagieren,Er reagierte sofort auf den Alarm.,to react,B1
der Autor,Der Autor liest aus seinem Buch.,author,B1
kriegen,Er kriegt jeden Tag neue Aufgaben.,to get,A1
zirka,Es sind zirka hundert Leute hier.,approximately,C2
die EU,Die EU hat neue Gesetze erlassen.,EU,A1
die Größe,Die Größe des T-Shirts passt mir gut.,size,A1
hart,Der Stein ist hart wie Granit.,hard,A2
offenbar,"Es wurde offenbar, dass er gelogen hat.",apparent,B1
der Bruder,Mein Bruder ist älter als ich.,brother,A1
beteiligen,Er beteiligt sich an der Diskussion.,to participate,A2
die Phase,Die Phase des Umbaus ist fast vorbei.,phase,B1
angeben,Er gibt immer mit seinem Auto an.,to claim,B1
die Reise,Die Reise nach Paris war ein Traum.,journey,A1
erfolgreich,Das Projekt war ziemlich erfolgreich.,successful,B1
der Zustand,Der Zustand des Autos ist gut.,condition,B1
wahr,"Nicht alles, was du hörst, ist wahr.",true,A2
die Reihe,Sie sitzt in der ersten Reihe.,row,A2
die Natur,Er studiert die Natur der Pflanzen.,nature,B1
rechnen,Wir haben die Kosten genau gerechnet.,to calculate,A2
bloß,Das bloße Versprechen reichte nicht aus.,bare,B1
notwendig,"Es war notwendig, den Plan zu ändern.",necessary,A2
entdecken,Er entdeckte eine neue Insel im Meer.,to discover,B1
dauern,Das Gespräch dauert länger als erwartet.,to last,A1
wirtschaftlich,Die wirtschaftliche Lage ist angespannt.,economic,C1
privat,Das Gespräch bleibt streng privat.,private,A2
modern,Sie lebt in einer modernen Wohnung.,modern,A2
das Haar,Das Haar glänzte im Sonnenlicht.,hair,A1
deswegen,"Er ist müde, deswegen schläft er.",therefore,B1
spüren,Er spürte die Sonne auf der Haut.,to sense,B1
unabhängig,Sie ist finanziell unabhängig.,independent,B2
der Rahmen,Der Rahmen passt gut zum Bild.,frame,B2
übrigens,"Übrigens, hast du die E-Mail bekommen?",by the way,B1
die Einheit,Die Einheit stärkt die Gruppe.,unity,A2
überall,Überall lagen verstreute Blätter.,everywhere,A2
feststellen,Der Arzt stellte die Diagnose fest.,to establish,B1
der Stoff,Der Stoff liegt weich in der Hand.,material,B1
die Rede,Der Präsident hielt eine lange Rede.,speech,
unterstützen,Er unterstützt seine Familie tatkräftig.,to support,B1
chemisch,Die chemische Reaktion verläuft schnell.,chemical,B2
schlimm,"Es war nicht so schlimm, wie gedacht.",bad,A2
die Schweiz,Die Schweiz ist bekannt für Käse.,Switzerland,B2
irgendwann,Irgendwann wird er es verstehen.,sometime,B1
das Geschäft,Das Geschäft schließt um 18 Uhr.,business,A1
weder,Er trank weder Kaffee noch Tee.,neither ... nor,A1
der Anteil,Der Anteil am Gewinn ist hoch.,share,A2
die Angabe,Die Angabe war in dem Bericht enthalten.,information,B1
das Team,Das Team arbeitet effizient zusammen.,team,A2
außer,Außer ihm war niemand zu sehen.,except,A2
der Sommer,Der Sommer war heiß und trocken.,summer,A2
das Hotel,Das Hotel liegt direkt am Strand.,hotel,A1
eins,Ich zählte langsam von eins bis zehn.,one,C1
das Alter,Das Alter spielte keine Rolle.,age,A1
die Sicherheit,Die Sicherheit hat oberste Priorität.,security,B1
die SPD,Die SPD plant eine neue Reform.,SPD,C2
niedrig,Der Preis war erstaunlich niedrig.,low,B1
ständig,Die ständige Ablenkung stört die Arbeit.,constant,B1
der Einsatz,Der Einsatz dieser Software ist einfach.,insert,A2
die Einsatzgruppe,Die Nazi-Einsatzgruppen ermorderten Juden.,Einsatzgruppe,C2
liefern,Er liefert die Ware pünktlich.,to deliver,A2
betonen,Er betonte den wichtigen Punkt.,to stress,B2
die Erde,Die Erde dreht sich um die Sonne.,earth,B1
die Studie,Die Studie liefert neue Erkenntnisse.,study,B1
vorne,Er stand ganz vorne in der Schlange.,at/to the front,A1
rechte,Der rechte Schuh passt perfekt.,right,
die Meinung,Die Meinung der Experten ist geteilt.,opinion,A2
drehen,Er dreht den Schlüssel im Schloss.,to turn,B1
der Künstler,Der Künstler stellte seine Werke aus.,artist,B1
aktiv,Er bleibt auch im Alter aktiv.,active,A2
der Versuch,Der Versuch gelang beim ersten Mal.,attempt,B1
somit,"Die Arbeit ist fertig, somit gehen wir.",consequently,B2
bezahlen,Er bezahlt das Essen an der Kasse.,to pay,A1
die Eigenschaft,Ehrlichkeit ist eine gute Eigenschaft.,quality,B2
längst,Das Problem ist längst gelöst.,long since,B1
die Methode,Die Methode erwies sich als effektiv.,method,B1
die Ordnung,Die Ordnung muss eingehalten werden.,order,A1
das Russland,Russland ist das größte Land der Welt.,Russia,B1
die Wahl,Die Wahl bestimmt die Zukunft.,choice,B1
daraus,Er hat eine Geschichte daraus gemacht.,from it,A2
erfüllen,Er erfüllt alle Anforderungen.,to grant,B1
die Mama,Die Mama kocht das Abendessen.,mommy,A1
die Region,Diese Region ist für ihren Wein bekannt.,region,B1
der Sonntag,Am Sonntag gehen wir spazieren.,Sunday,A2
das Internet,Das Internet hat die Welt verändert.,internet,A1
die Nummer,Die Nummer wurde falsch gewählt.,number,A1
das Lächeln,Sein Lächeln war sehr herzlich.,smile,B1
genauso,Er ist genauso klug wie sein Bruder.,just as,B1
überzeugen,Er überzeugt durch gute Argumente.,to convince,A1
interessant,Das Buch ist wirklich interessant.,interesting,A2
menschlich,"Es ist menschlich, Fehler zu machen.",human,B1
das Elektron,Das Elektron ist negativ geladen.,electron,C2
das Frankreich,Frankreich liegt in Westeuropa.,France,A2
die Freiheit,Er genießt die Freiheit zu reisen.,freedom,B1
speziell,Ich habe einen speziellen Wunsch.,special,B1
französisch,Er liest gerne französische Romane.,French,A2
negativ,Der Test zeigte ein negatives Ergebnis.,negative,B1
zentral,Das Büro ist im zentralen Gebäude.,central,B1
die Ebene,Die Ebene war flach und endlos weit.,plane,B1
besuchen,Er besuchte seine Eltern am Wochenende.,to visit,A1
gestern,Gestern besuchte ich meine Oma.,yesterday,A1
der Spieler,Der Spieler traf das entscheidende Tor.,player,B1
absolut,Das ist absolut nicht mein Geschmack.,absolute(ly),B1
fliegen,Der Vogel fliegt in den Süden.,to fly,A1
der Hund,Der Hund bellte laut vor Freude.,dog,A1
antworten,Er antwortete auf die Frage schnell.,to answer,A1
weiterhin,Er geht weiterhin jeden Tag joggen.,still,A2
die Wand,Die Wand wurde frisch gestrichen.,wall,B1
rechts,Das Auto steht rechts auf der Straße.,on/to the right,A1
konkret,Hast du eine konkrete Idee dazu?,concrete,B2
russisch,Er studiert russische Geschichte.,Russian,B1
zahlen,Ich muss noch die Rechnung zahlen.,to pay,A1
zugleich,Er ist zugleich klug und witzig.,both,B2
das Feld,Das Feld ist bereit für die Ernte.,field,B1
verdienen,Er verdient gut in seinem neuen Job.,to earn,A1
amerikanisch,Ich liebe amerikanisches Fast Food.,American,A2
die Sekunde,Jede Sekunde zählt bei diesem Spiel.,second,A1
der Brief,Der Brief lag geöffnet auf dem Tisch.,letter,A1
das Mitglied,Jedes Mitglied hat Stimmrecht.,member,B1
praktisch,Die Tasche ist praktisch für den Alltag.,practical,A2
die Gefahr,Die Gefahr ist nicht zu unterschätzen.,danger,B1
binden,Sie hat das Band schön gebunden.,to tie,A2
weltweit,Die weltweite Nachfrage wächst schnell.,worldwide,B1
die Liebe,Die Liebe wächst mit der Zeit.,love,B1
der Beginn,Der Beginn der Feier verzögerte sich.,beginning,B1
das China,China hat eine lange Geschichte.,China,A2
breit,Er trägt eine breite Krawatte.,wide,A1
draußen,Draußen regnete es den ganzen Tag.,outside,A1
die Wirkung,Die Musik hat eine entspannende Wirkung.,effect,B1
die Bildung,Bildung ist der Schlüssel zum Erfolg.,education,B2
das Blut,Das Blut fließt schnell durch die Adern.,blood,B1
das Meer,Das Meer rauschte leise im Hintergrund.,sea,A1
die Anzahl,Die Anzahl der Gäste war überschaubar.,number,B1
die Veränderung,Die Veränderung der Pläne war plötzlich.,change,A2
durchaus,"Er ist durchaus in der Lage, das zu tun.",absolutely,B1
der Mund,"Er öffnete den Mund, um etwas zu sagen.",mouth,A1
berechnen,Er berechnet die Kosten für das Projekt.,to calculate,B1
betragen,Die Rechnung beträgt genau hundert Euro.,to amount,A2
fremd,Dieses Land ist mir völlig fremd.,foreign,A1
die Untersuchung,Die Untersuchung des Vorfalls dauert an.,examination,B1
der Fehler,Der Fehler im System wurde behoben.,mistake,A1
mittlerweile,Das Wetter ändert sich mittlerweile.,in the meantime,B1
aufbauen,Er baut ein Geschäft in der Stadt auf.,to build (up),A2
die Sonne,Die Sonne geht um 18 Uhr unter.,sun,A1
das Prinzip,Unser Prinzip ist: Weniger ist mehr.,principle,B1
vorher,Er hat alles vorher vorbereitet.,earlier,A2
der Kampf,Der Kampf dauerte mehrere Stunden.,fight,B1
die Verfügung,Die Mittel stehen zur freien Verfügung.,disposal,A2
feiern,Wir feiern heute meinen Geburtstag.,to celebrate,A1
das Programm,Das Programm läuft ohne Fehler.,program,A2
linke,Der linke Schuh drückt ein wenig.,left,
der Einfluss,Sein Einfluss wuchs mit der Zeit.,influence,B1
die Temperatur,Die Temperatur sinkt nachts deutlich ab.,temperature,B1
leer,Die Straße war nachts völlig leer.,empty,A2
mitteilen,Sie teilte uns ihre Entscheidung mit.,to inform,B1
das Verfahren,Das Verfahren wurde gründlich getestet.,method,B1
danke,Danke für deine große Hilfe heute!,thanks,A1
beziehen,Sie bezog sich auf den Bericht.,to refer,B1
verlangen,Er hat eine Erklärung von ihr verlangt.,to request,B1
zuerst,Zuerst machen wir die Hausaufgaben.,first,A2
die Analyse,Die Analyse ergab wichtige Erkenntnisse.,analysis,B1
klassisch,Er spielt gern klassische Musik.,classical,B1
ehemalig,Mein ehemaliger Lehrer war sehr nett.,former,B1
das Bein,Er hat sich das Bein gebrochen.,leg,A1
das Glas,Das Glas ist mir aus der Hand gefallen.,glass,A1
untersuchen,Der Arzt untersucht den Patienten.,to examine,A2
kalt,Das Wasser fühlt sich kalt an.,cold,A2
die Sorge,Ihre Sorge um ihn wuchs jeden Tag.,worry,B1
der Himmel,Der Himmel klarte auf nach dem Sturm.,sky,B1
künftig,Unsere künftigen Pläne sind geheim.,future,C1
national,Nationale Events ziehen Touristen an.,national,A2
die Kirche,Die Kirche steht mitten im Dorf.,church,A2
links,Links vom Gebäude liegt ein Park.,on/to the left,A1
die CDU,Die CDU gewann bei den Wahlen.,CDU,C2
bislang,Bislang gab es keine Beschwerden.,up to now,B2
messen,Er misst die genaue Länge des Tisches.,to measure,B1
lieb,Das Kind war zu den Tieren lieb.,dear,A1
unbedingt,Ich muss das unbedingt erledigen.,absolutely,A2
der Verein,Der Verein hat viele Mitglieder.,association,A1
das Atom,Das Atom bildet die Basis aller Materie.,atom,C1
historisch,Die Stadt hat historische Gebäude.,historical,B1
sinken,Das Schiff ist langsam gesunken.,to sink,B1
die Vorstellung,Ihre Vorstellung von Erfolg ist naiv.,idea,B1
entscheidend,Das Tor war entscheidend für den Sieg.,decisive,B2
teilen,Kannst du den Kuchen mit mir teilen?,to divide,A2
der Typ,Er ist definitiv nicht mein Typ.,type,B1
stammen,Das Rezept stammt aus Großmutters Kochbuch.,to come (from),B1
wissenschaftlich,Der wissenschaftliche Ansatz half uns.,scientific,B1
wieso,Wieso hast du das nicht früher gesagt?,why,B1
der Faktor,Der Faktor Zeit spielt eine große Rolle.,factor,B1
die Bindung,Gute Bindungen fördern das Arbeitsklima.,relationship,B2
die Literatur,Die Literatur begeistert viele Leser.,literature,B1
überraschen,Das Ergebnis überraschte das Team nicht.,to surprise,B1
bestätigen,Die Ergebnisse bestätigen die Theorie.,to confirm,A2
bewusst,Er ist sich der Risiken bewusst.,conscious,A2
der Abschnitt,Lesen Sie bitte den nächsten Abschnitt.,section,B1
die Nähe,Die Nähe zum Zentrum ist sehr praktisch.,vicinity,B1
zahlreich,Es gab zahlreiche Beschwerden.,numerous,B1
medizinisch,Die medizinische Hilfe rettet Leben.,medical,A2
übrig,Nichts bleibt mehr übrig für später.,remaining,B1
die Türkei,Die Türkei liegt teils in Asien.,Turkey,C1
die Produktion,Die Produktion wurde sofort gestoppt.,production,B1
drücken,Er drückt den Knopf an der Maschine.,to press,A1
drohen,Er drohte ihm mit Konsequenzen.,to threaten,A2
die Linie,Die Linie trennt zwei Gebiete.,line,B1
das Gas,Das Gas strömte aus der Leitung.,gas,B1
schicken,Wir haben das Paket gestern geschickt.,to send,A1
die Hälfte,Die Hälfte der Arbeit ist geschafft.,half,A1
der Kontakt,Ich habe keinen Kontakt mehr zu ihm.,contact,A2
das Interview,Das Interview verlief sehr gut.,interview,A2
reisen,Er reist gerne in ferne Länder.,to travel,A1
der Berg,Der Berg ragt majestätisch auf.,hill,A2
irgendwo,Das Buch liegt irgendwo im Haus.,somewhere,A1
trennen,Sie trennte das Papier vom Plastik.,to separate,A1
benötigen,Das Projekt benötigt mehr Ressourcen.,to require,B1
die Erinnerung,Die Erinnerung bleibt lebendig.,memory,B1
verhindern,Das Wetter verhindert den Ausflug.,to prevent,B1
die Sicht,Die Sicht war heute Morgen schlecht.,view,B1
der Dollar,Der Dollar hat heute an Wert gewonnen.,dollar,A1
leiden,Er leidet unter starken Kopfschmerzen.,to suffer,B1
der Anspruch,Er hat einen Anspruch auf Entschädigung.,claim,B1
die Position,Die Position des Stuhls ist festgelegt.,position,A1
der Sport,Sport macht Spaß und hält fit.,sport,A1
das BGB,Das BGB regelt zivile Angelegenheiten.,civil code,
die Nachfrage,Die Nachfrage nach Tickets ist hoch.,demand,B1
blau,Das Meer leuchtet blau in der Sonne.,blue,A2
anschauen,Er schaute sich das Bild genau an.,to look at,A2
teuer,Der Schmuck war unglaublich teuer.,expensive,A1
die Medien,Die Medien berichten live vom Ort.,media,
richten,Er richtet den Blick nach vorn.,to direct,A1
das Institut,Das Institut forscht intensiv.,institute,B1
der Plan,Der Plan wurde sorgfältig ausgearbeitet.,plan,A1
immerhin,Immerhin haben wir es versucht.,after all,A2
das Tor,Das Tor fiel in der letzten Minute.,gate,B1
der Betrieb,Der Betrieb läuft reibungslos.,business,B1
komplex,Die Situation wird immer komplexer.,complex,B2
das Dorf,Das Dorf liegt idyllisch am See.,village,A1
eignen,Das Buch eignet sich für Anfänger.,to be suitable,B2
die Klasse,Die Klasse schreibt einen Test.,class,A1
eingehen,Er ging auf das Angebot nicht ein.,to address,A2
erlauben,Sie haben ihm erlaubt zu bleiben.,to allow,A1
treiben,Der Wind treibt die Wolken vor sich her.,to drive,B1
aufstehen,Er steht jeden Morgen früh auf.,to stand up,A1
der Absatz,Dieser Absatz muss überarbeitet werden.,section,B2
unterwegs,Er ist gerade unterwegs zur Arbeit.,on the way,B1
der Vertrag,Der Vertrag wurde gestern unterzeichnet.,contract,A2
der Ausdruck,Der Ausdruck passt perfekt zum Text.,term,B1
geraten,Er geriet in große Schwierigkeiten.,to get into,A1
toll,Der Ausflug zum See war wirklich toll.,great,A2
das Schweigen,Das Schweigen wurde unangenehm.,silence,B1
die Schwester,Die Schwester kochte das Essen.,sister,A1
der Chef,Der Chef lobte seine Mitarbeiter.,head,A1
greifen,Er greift nach dem letzten Stück Kuchen.,to take hold of,B1
das Risiko,Das Risiko wuchs mit der Zeit.,risk,B1
schwach,Er fühlt sich heute sehr schwach.,weak,A2
die Tabelle,Die Tabelle zeigt die Ergebnisse.,table,B1
ermöglichen,Die Technologie ermöglicht schnelles Lernen.,to enable,B1
der Freitag,Freitag ist mein Lieblingstag.,Friday,A2
der Hinweis,Der Hinweis war sehr hilfreich.,instruction,B1
der Vorteil,Der Vorteil liegt klar auf seiner Seite.,advantage,B1
das Protein,Protein ist wichtig für den Körper.,protein,C1
der Gewinn,Der Gewinn war unerwartet hoch.,profit,B1
grundsätzlich,Er machte einen grundsätzlichen Fehler.,fundamental,C1
der März,Der März bringt oft kaltes Wetter.,March,B2
wiederholen,Er wiederholt die Übung täglich.,to repeat,A1
die Ruhe,Die Ruhe im Raum war angenehm.,silence,B1
die Darstellung,Die Darstellung der Fakten war korrekt.,presentation,B1
ruhig,Das Meer war heute besonders ruhig.,quiet,A1
der Traum,Mein Traum in dieser Nacht war komisch.,dream,A2
behandeln,Der Arzt behandelt den Patienten.,to treat,B1
stets,Er blieb stets freundlich zu allen.,always,B1
aufhören,Er hört endlich auf zu rauchen.,to stop,A2
schützen,Er schützt seine Familie vor Gefahren.,to protect,B1
diskutieren,Sie diskutierten lange über das Thema.,to discuss,A2
die Ferse,Die Ferse schmerzt beim Gehen.,heel,B2
der Sprecher,Der Sprecher erklärte die Lage.,speaker,B2
der Lautsprecher,Der Lautsprecher spielt Musik.,loudspeaker,B1
produzieren,Die Fabrik produziert täglich Produkte.,to produce,B1
die Kritik,Die Kritik an seiner Arbeit war scharf.,criticism,B1
erneut,Die erneute Prüfung lief fehlerfrei.,again,B1
der Trainer,Der Trainer motivierte die Mannschaft.,coach,B1
der April,Im April blühen die ersten Blumen.,April,A2
melden,Sie meldete den Unfall der Polizei.,to report,B1
wiederum,Er antwortete wiederum höflich.,again,B2
das Opfer,Das Opfer wurde bald gefunden.,sacrifice,B1
hinaus,"Er ging hinaus, um Luft zu schnappen.",out,A2
vorhanden,Die vorhandenen Probleme wurden gelöst.,available,B2
der Westen,Der Westen der Stadt ist ruhiger.,west,A2
der Titel,Der Titel des Buches weckt Interesse.,title,A2
der Eindruck,Der erste Eindruck war äußerst positiv.,impression,B1
der Baum,Der Baum im Garten ist sehr alt.,tree,A1
lauten,"Die Antwort lautet: Ja, das ist korrekt.",to be (answer),A1
die Diskussion,Die Diskussion dreht sich im Kreis.,discussion,B1
hingegen,"Er ist klug, sein Bruder hingegen nicht.",on the other hand,B2
der Student,Der Student arbeitet und studiert.,student,A1
die Bevölkerung,Die Bevölkerung wächst schnell.,population,B1
der Finger,Der Finger blutet nach dem Schnitt.,finger,B1
die Grüne,Er engagiert sich für die Grüne.,the Greens,B1
total,Der totale Stillstand war unerwartet.,total,A2
der Abstand,Der Abstand zwischen den Autos wächst.,distance,B1
die Schulter,Er klopft ihm auf die Schulter.,shoulder,B1
die Maßnahme,Die Maßnahme zeigt bereits Wirkung.,measure,B2
das Band,Das Band reißt unter der Last.,ribbon,A2
darunter,Darunter lagen wichtige Dokumente.,under it,B1
diejenige,"Sie ist diejenige, die mir half.",the one (who,
der Wald,Wir haben im Wald viele Pilze gefunden.,forest,A2
die Insel,Die Insel ist nur per Boot erreichbar.,island,A2
der Schluss,Das ist der Schluss des Buches.,end,A1
anschließend,"Wir aßen, anschließend schliefen wir.",subsequent,B2
das Volk,Das Volk wählte einen neuen Anführer.,people,A1
kulturell,Die Stadt hat kulturelle Vielfalt.,cultural,A1
definieren,Er definierte die Begriffe präzise.,to define,B2
der September,September ist ein schöner Monat.,September,B1
der Beruf,Mein Beruf erfordert viel Verantwortung.,occupation,A1
der Ansatz,Der Ansatz war sehr vielversprechend.,approach,B2
nötig,Für den Job ist ein Abschluss nötig.,necessary,B1
herrschen,Der König herrschte viele Jahre.,to rule,A2
der Sieg,Nach einem langen Kampf kam der Sieg.,victory,B1
die Küche,Die Küche ist frisch renoviert worden.,kitchen,A1
verantwortlich,Er ist verantwortlich für das Projekt.,responsible,B1
täglich,Die tägliche Übung stärkte das Team.,daily,A2
der Montag,Am Montag beginnt die neue Woche.,Monday,A2
der Spaß,Der Ausflug hat allen viel Spaß gemacht.,fun,B1
herstellen,Die Firma stellt hochwertige Möbel her.,to produce,A2
überlegen,"Sie überlegen, ein Haus zu kaufen.",to consider,B1
der Mai,Im Mai feiern wir den Tag der Arbeit.,May,B1
umfassen,Das Buch umfasst viele Themen.,to include,C2
ernst,Er machte ein ernstes Gesicht.,serious,A1
der Roman,Der Roman wurde ein Bestseller.,novel,B1
der Januar,Der Januar bringt oft Schnee mit sich.,January,B2
neun,Neun Spieler fehlen beim Training.,nine,C2
kämpfen,Sie kämpfte tapfer gegen die Krankheit.,to fight,B1
jeweilig,Sie gingen zu ihren jeweiligen Häusern.,particular,C1
versprechen,"Er versprach, pünktlich zu sein.",to promise,B1
die Definition,Die Definition wurde im Text erläutert.,definition,B2
vollständig,Die Sammlung wird bald vollständig.,complete,B1
heben,Er hebt die Kiste vorsichtig an.,to lift,B1
der Rücken,Der Rücken schmerzt nach dem Training.,back,A2
existieren,Das Problem existiert seit Jahren.,to exist,A1
die Masse,Die Masse drängte zum Ausgang.,mass,B2
singen,Sie singt im Chor ihrer Schule.,to sing,A2
die Theorie,Die Theorie erwies sich als richtig.,theory,B1
der Inhalt,Der Inhalt passt in die Tasche.,content,B1
scheitern,Der Plan scheiterte an der Umsetzung.,to fail,B1
das Ereignis,Das Ereignis zog viele Zuschauer an.,event,B1
lediglich,Es war lediglich ein Missverständnis.,merely,B1
organisch,Organische Lebensmittel sind gesünder.,organic,B2
glücklich,Er ist glücklich über das Ergebnis.,happy,A1
der Rest,Ich habe den Rest des Essens aufbewahrt.,rest,A2
der Wunsch,Der Wunsch ging endlich in Erfüllung.,wish,A2
beschließen,Der Rat beschließt neue Regeln.,to decide,B1
dick,Er schnitt eine dicke Scheibe Brot ab.,thick,A2
riesig,Der Baum im Garten ist riesig.,huge,B1
heutig,Die heutige Situation ist schwierig.,present-day,B1
hallo,"Hallo, schön dich wiederzusehen!",hello,A1
das Museum,Das Museum zeigt antike Kunst.,museum,A2
die Farbe,Die Farbe an der Wand ist verblasst.,color,A1
zwölf,Zwölf Schüler bestanden die Prüfung.,twelve,
per,Die Kosten betragen 10 Euro per Meter.,by,B1
regelmäßig,Regelmäßige Pausen sind notwendig.,regular,B1
her,Vor einem Jahr kam ich nach Deutschland.,from (something),B1
wechseln,Er wechselt den Reifen selbst.,to change,A2
einstellen,Sie hat das Gerät korrekt eingestellt.,to adjust,B1
das Theater,Wir gehen heute Abend ins Theater.,theater,A2
der König,Der König regiert das Land streng.,king,B1
das Ohr,Das Ohr ist ein empfindliches Organ.,ear,A2
fördern,Der Verein fördert junge Talente.,to promote,B1
elektrisch,Das elektrische Auto fährt leise weiter.,electric,B1
der Aufbau,Der Aufbau dauert mehrere Stunden.,construction,C1
der Beitrag,Sein Beitrag war sehr wertvoll.,contribution,B1
der Februar,Der Februar ist der kürzeste Monat.,February,B2
durchführen,Er führte das Experiment präzise durch.,to carry out,A2
einfallen,Mir fällt gerade eine Idee ein.,to occur,B1
verletzen,Er verletzte sich beim Spielen schwer.,to injure,A1
die Kontrolle,Die Kontrolle fand gestern statt.,inspection,B1
die Macht,Er hat viel Macht in der Firma.,power,B2
die Mannschaft,Die Mannschaft gewinnt das Spiel.,crew,A2
entweder,Entweder du kommst oder nicht.,either,A1
behaupten,"Er behauptet, nichts gewusst zu haben.",to claim,B1
die Hoffnung,Die Hoffnung auf Frieden wächst.,hope,B1
die Verantwortung,Die Verantwortung liegt bei ihr.,responsibility,B1
schreien,Das Baby schrie die ganze Nacht.,to cry out,B1
andererseits,Andererseits konnte er nichts tun.,on the other hand,B1
der Besuch,Der Besuch im Museum war lehrreich.,visit,A2
hundert,Hundert Jahre sind eine lange Zeit.,hundred,B1
die Quelle,Die Quelle des Flusses liegt im Wald.,source,A2
typisch,Das Essen ist typisch für diese Region.,typical,A2
das Gebiet,Das Gebiet wurde neu erschlossen.,region,B1
die Behörde,Die Behörde genehmigte den Antrag.,department,B1
der Samstag,Der Markt findet jeden Samstag statt.,Saturday,A2
die Organisation,Die Organisation plant ein Event.,organization,B1
die Summe,Die Summe war höher als erwartet.,sum,B1
der Job,Er hat einen neuen Job gefunden.,job,A1
ausreichen,Das Geld reicht gerade so aus.,to be sufficient,B1
der Grad,Ein voller Kreis hat 360 Grad.,degree,A2
irgendein,Irgendein Buch lag auf dem Tisch.,some,A2
benutzen,Er benutzt täglich seinen Laptop.,to use,A1
irgendetwas,Er suchte irgendetwas Hilfreiches.,something,A1
teilweise,Das Wetter ist teilweise sonnig.,partly,B2
das Vertrauen,Das Vertrauen zwischen ihnen war stark.,trust,B1
das Jahrzehnt,Ein Jahrzehnt ist schnell vergangen.,decade,B2
der Wind,Der Wind weht stark über das Feld.,wind,A1
unmittelbar,Es gab unmittelbare Auswirkungen.,immediate,B2
der Bund,Der Bund der Staaten wurde gestärkt.,association,B2
extrem,Die extreme Hitze macht uns müde.,extreme,B1
das Merkmal,Sein auffälliges Merkmal war die Größe.,feature,C1
theoretisch,Er gab eine theoretische Erklärung.,theoretical,B1
ermitteln,Sie ermittelten in diesem Fall.,to find out,B1
der Papa,Mein Papa kocht heute das Abendessen.,daddy,A1
die Krankheit,Die Krankheit breitete sich schnell aus.,illness,A2
die Voraussetzung,Alle Voraussetzungen sind erfüllt.,condition,B1
töten,Er tötete das Ungeziefer schnell.,to kill,A1
formulieren,Er formulierte noch eine Frage.,to formulate,B2
die Substanz,Die Substanz löste sich im Wasser auf.,substance,B2
der Zeitpunkt,Der Zeitpunkt war gut gewählt.,moment,B1
wenigstens,Ich brauche wenigstens eine Stunde.,at least,A2
der Gang,Wir gingen langsam durch den Gang.,corridor,B1
der Politiker,Der Politiker hielt eine lange Rede.,politician,B1
die Unterstützung,Die Unterstützung kam zur rechten Zeit.,support,B1
hey,"Hey, warte doch bitte auf mich!",hey,A1
brechen,Er brach das Schweigen abrupt.,to break,B1
fassen,Er fasst die Tasse fest in der Hand.,to grab,B1
das Zentrum,Das Zentrum der Stadt ist immer belebt.,center,A2
anrufen,Er ruft seine Mutter jeden Abend an.,to call,A1
entfernen,Er entfernt den Fleck aus dem Hemd.,to remove,B1
der Juni,Der Juni ist mein Lieblingsmonat.,June,B1
die Haut,Die Haut spannte nach dem Sonnenbad.,skin,
verfolgen,Er verfolgt das Ziel mit Ehrgeiz.,to pursue,A1
gesellschaftlich,Gesellschaftliche Normen ändern sich.,social,B2
der Schutz,Der Schutz bewahrt vor Gefahren.,protection,B1
die Generation,Die jüngere Generation denkt anders.,generation,B1
chinesisch,Ich bestelle oft chinesisches Essen.,Chinese,B1
das Zeichen,Das Zeichen deutet auf Gefahr hin.,sign,B1
die Wahrheit,Die Wahrheit kam schließlich ans Licht.,truth,B1
der Haushalt,Der Haushalt wurde pünktlich erledigt.,household,A2
der Garten,Im Garten wachsen bunte Blumen.,garden,A1
hinten,Der Schlüssel liegt ganz hinten.,at/in the back,A1
auffallen,Er fällt durch sein lautes Lachen auf.,to stand out,A2
der Gegensatz,Im Gegensatz dazu steht seine Meinung.,opposite,B1
verteilen,Er verteilt die Flyer in der Stadt.,to distribute,B1
das Papier,Das Papier liegt auf dem Tisch.,paper,A1
physikalisch,Physikalische Gesetze gelten überall.,physical,C1
angesichts,Angesichts der Lage handelte er schnell.,in view of,B1
leise,Die Musik im Café ist angenehm leise.,quiet,A1
vermutlich,Er kommt vermutlich etwas später.,probably,A1
eindeutig,Wir brauchen eine eindeutige Erklärung.,clear,B1
heraus,Er ging heraus und schloss die Tür.,out,A1
falls,"Falls es regnet, bleiben wir drinnen.",in case,B1
erstmals,Er hat es erstmals ausprobiert.,for the first time,C1
der Partner,Er ist ein zuverlässiger Partner.,partner,A1
nachdenken,Er denkt über sein Leben nach.,to think about,B1
die Ausbildung,Er absolvierte eine umfassende IT-Ausbildung.,training,A2
der Wagen,Der Wagen steht in der Garage.,car,A2
das Schiff,Das Schiff legte langsam im Hafen an.,ship,A2
tausend,Tausend Leute kamen zum Konzert.,thousand,A2
die Tat,"Die Tat war mutig, aber gefährlich.",deed,B1
obere,Das obere Regal ist schwer erreichbar.,upper,
die Gleichung,Die Gleichung wurde korrekt gelöst.,equation,C1
der Stein,Der Stein lag schwer in der Hand.,rock,B1
kümmern,Er kümmert sich um die Kinder.,to take care of,A1
mittlere,Die mittlere Tür ist verschlossen.,middle,C2
erheben,Er erhebt Einspruch gegen das Urteil.,to raise,A2
die Erklärung,Die Erklärung überzeugt niemanden.,explanation,B1
das Konzept,Einvernehmlicher Sex ist ein zeitgemässes Konzept.,concept,B2
der Mittwoch,Mittwoch ist der dritte Tag der Woche.,Wednesday,B1
stören,Das laute Radio stört die Konzentration.,to disturb,A2
die Spur,Die Spur führte ins Ungewisse.,track,B1
berliner,Ich habe einen Berliner Dom besichtigt.,(of) Berlin,C1
die Herausforderung,Nicht lachen war eine Herausforderung.,challenge,B1
starten,Wir starten das Projekt morgen.,to start,B1
staatlich,Er besucht eine staatliche Schule.,state,B2
verbessern,Er verbesserte seine Leistung deutlich.,to improve,B1
heiß,Der Tee war zu heiß zum Trinken.,hot,A2
die Vergangenheit,Die Vergangenheit holte ihn wieder ein.,past,B1
das Gleichgewicht,Das Gleichgewicht ist leicht zu stören.,balance,B2
das Griechenland,Griechenland ist ein wunderschönes Land.,Greece,B2
das Maß,Das Maß der Dinge ist immer relativ.,measure,B2
abgeben,Er gibt das Paket bei der Post ab.,to give,A1
der Bericht,Der Bericht erläutert die aktuelle Lage.,report,B1
die Qualität,Die hohe Qualität gefällt den Kunden.,quality,A2
der Rand,Am Rand des Feldes stand ein Baum.,edge,B1
das Italien,Italien ist ein beliebtes Reiseziel.,Italy,B1
der Kern,Der Kern des Problems liegt tiefer.,seed,B2
der Winter,Der Winter brachte viel Schnee.,winter,A2
der Hintergrund,Der Hintergrund zeigt das Meer.,background,B1
das Amerika,Er träumt von einer Reise nach Amerika.,America,A1
geboren,Sie ist eine geborene Musikerin.,born,A1
gefährlich,Der Weg durch den Wald war gefährlich.,dangerous,A2
zwingen,"Er zwang sie, das Geheimnis zu verraten.",to force,A1
das Bier,Das Bier wurde nach Tradition gebraut.,beer,A1
ansprechen,Er spricht das Thema offen an.,to address,B1
komplett,Die Wohnung ist komplett renoviert.,complete,B1
die Forderung,Die Forderung nach Gerechtigkeit wuchs.,demand,B1
gelangen,Sie gelangten endlich ans Ziel.,to reach,B1
die Nachricht,Die Nachricht verbreitete sich schnell.,news,A2
sammeln,Er sammelt Briefmarken seit Jahren.,to collect,A2
ablehnen,Er lehnte das Angebot entschieden ab.,to refuse,B1
stoßen,Er hat den Tisch an die Wand gestoßen.,to bump,A2
aufstoßen,Er stößt die Tür mit Kraft auf.,to bump,C2
konstant,Die Geschwindigkeit blieb konstant.,constant,C1
der Oktober,Im Oktober beginnt der Herbst richtig.,October,B1
umgehen,Wie gehst du mit schwierigen Kunden um?,to treat,B1
angehen,Das Licht geht automatisch an.,to concern,A1
verlaufen,Die Verhandlungen verliefen wie geplant.,to proceed,A2
demnach,"Es ist kalt, demnach bleibt er drinnen.",therefore,C1
auftauchen,Ein Problem tauchte plötzlich auf.,to surface,A1
böse,Er war wirklich böse auf mich.,bad,A1
auslösen,Diese Handlung löste eine Reaktion aus.,to set off,A2
weitergehen,Das Gespräch geht ohne Pause weiter.,to go on,A2
abhängen,Alles hängt von seiner Entscheidung ab.,to depend,B1
die Geschwindigkeit,Die Geschwindigkeit wurde erhöht.,speed,B1
ideal,Ein Spaziergang wäre jetzt ideal.,ideal,B1
der Augenblick,Der Augenblick war unvergesslich.,moment,B1
reduzieren,Wir müssen die Kosten reduzieren.,to reduce,B1
die Maschine,Die Maschine lief ohne Probleme.,machine,A1
linear,Seine Argumentation war streng linear.,linear,C2
ausmachen,Wir haben einen neuen Plan ausgemacht.,to put out,A1
eintreten,Er trat leise in das Zimmer ein.,to enter,B1
beitreten,Er trat der Firma als neuer Partner bei.,join,B2
kritisch,Das Buch erhielt kritische Rezensionen.,critical,B1
äh,"Äh, ich habe den Faden verloren.",um,A1
das Wochenende,Das Wochenende verbrachte er am See.,weekend,A1
der Donnerstag,Am Donnerstag ist der große Termin.,Thursday,B1
die Saison,Die Saison beginnt im Frühling.,season,B1
der Forscher,Der Forscher entdeckte etwas Neues.,researcher,B2
gründen,Sie gründeten eine neue Firma.,to establish,B1
offensichtlich,Der Fehler war offensichtlich.,obvious,A1
das Teilchen,Ein Teilchen bewegt sich schnell.,particle,C1
genügen,"Das genügt, um alle zu versorgen.",to be sufficient,B1
schieben,Er schiebt das Fahrrad den Hügel hinauf.,to push,B1
der Computer,Der Computer wurde neu gestartet.,computer,A1
der Effekt,Der Effekt war sofort sichtbar.,effect,B2
abnehmen,Er nahm nach der Diät fünf Kilo ab.,to lose weight,B1
die Verteilung,Die Verteilung der Aufgaben war unfair.,distribution,C1
blicken,Sie blickte verträumt aus dem Fenster.,to look,A2
beitragen,Er trägt viel zur Diskussion bei.,to contribute,B2
die Anwendung,Die Anwendung des Programms ist leicht.,application,C1
zeichnen,Das Kind zeichnet ein buntes Bild.,to draw,A2
frisch,Das frische Brot duftet herrlich.,fresh,A2
meistens,Meistens sind die Straßen leer.,mostly,A2
erwähnen,Er hat die wichtigsten Punkte erwähnt.,to mention,A1
die Welle,Die Welle rollte langsam zum Strand.,wave,B2
die Nase,Die Nase lief ihm wegen der Erkältung.,nose,B1
vertreten,Er vertritt die Firma bei Konferenzen.,to represent,B1
dicht,Der dichte Nebel erschwert die Sicht.,thick,B1
der Soldat,Der Soldat marschiert im Gleichschritt.,soldier,A1
bereit,"Er war bereit, alles zu geben.",ready,B1
die Technik,Die Technik wurde ständig verbessert.,technology,B1
das Blatt,Ein gelbes Blatt fiel vom Baum.,sheet,A2
prägen,Diese Erfahrung prägte sein Leben.,to shape,B2
sozusagen,Er ist sozusagen der Experte hier.,so to speak,B1
der November,Der November war dieses Jahr mild.,November,B1
Schweizer,Schweizer Schokolade ist berühmt.,Swiss,B2
gesund,Bleib gesund und pass gut auf dich auf!,healthy,A2
danken,Er dankte ihr für die Unterstützung.,to thank,A1
der Fußball,Fußball ist der beliebteste Sport hier.,soccer,A1
der Umstand,Der Umstand war äußerst bedauerlich.,circumstance,A2
einladen,Er lädt seine Freunde zum Essen ein.,to invite,A1
das Kilogramm,Das Paket wiegt ein Kilogramm.,kilogram,C1
warm,Das Wasser im See ist angenehm warm.,warm,A2
die Integration,Integration erleichtert die Jobsuche.,integration,B1
der Nachbar,Der Nachbar hilft bei jedem Problem.,neighbor,A2
maximal,Die maximale Kapazität wurde erreicht.,maximum,B1
die Figur,Die Figur drehte sich langsam.,figure,B1
die Freude,"Seine Freude war groß, als er ankam.",joy,B1
offiziell,Die Entscheidung ist nun offiziell.,official,B1
außen,Die äußere Schicht schützt das Innere.,outside,B1
der Kreis,Der Kreis hat viele schöne Parks.,circle,B1
der Freundskreis,Er gehört zu unserem Freundeskreis.,circle,
nicken,Sie nickt zustimmend zu seinen Worten.,to nod,B2
digital,Meine Kamera macht digitale Fotos.,digital,B1
unbekannt,Der Täter blieb bisher unbekannt.,unknown,A2
das Gericht,Das Gericht sprach ein gerechtes Urteil.,court,A2
schätzen,Ich schätze deine Meinung sehr.,to estimate,B1
organisieren,Sie organisiert das Event jedes Jahr.,to organize,A2
der Aspekt,Dieser Aspekt wird oft ignoriert.,aspect,B2
verzichten,Sie haben auf Zucker verzichtet.,to do without,B1
bemerken,Er bemerkte den Fehler erst spät.,to notice,B1
der Kaffee,Er hat den Kaffee ohne Zucker getrunken.,coffee,A1
leid,Ich bin das Chaos wirklich leid.,(be) tired (of),A1
still,Die stille Nacht beruhigt die Nerven.,still,B1
leiten,Er leitet das Unternehmen seit Jahren.,to lead,B1
der Vertreter,Der Vertreter sprach im Namen der Firma.,representative,B1
die Statistik,Die Statistik zeigt klare Trends.,statistics,B1
die Heimat,Sie vermisst ihre Heimat sehr.,home,A1
der Milliliter,Das Glas fasst hundert Milliliter.,milliliter,C2
zurückkehren,Nach der Reise kehrte er zurück.,to return,A1
der Gegenstand,Der Gegenstand fällt vom Tisch.,object,B1
euer,Habt ihr euer Zimmer aufgeräumt?,your,A1
umsetzen,Er setzt den Plan erfolgreich um.,to implement,B2
betreiben,Er betreibt einen kleinen Blumenladen.,to proceed with,A2
die Zusammenarbeit,Die Zusammenarbeit fördert den Erfolg.,cooperation,B1
enden,Die Feier endete spät in der Nacht.,to end,A1
vielmehr,"Er ist kein Arzt, vielmehr ein Heiler.",rather,B2
konzentrieren,Ich kann mich nicht konzentrieren.,to concentrate,A1
landen,Das Flugzeug landet pünktlich.,to land,B1
der See,Der See glitzert im Sonnenlicht.,lake,A1
der Tourist,Der Tourist machte viele Fotos.,tourist,A2
die Konzentration,Die Konzentration war schwer zu halten.,concentration,B2
verbieten,Das Schild verbietet das Parken hier.,to forbid,B1
krank,"Er blieb zu Hause, weil er krank war.",sick,A1
die Fähigkeit,Seine Fähigkeit ist außergewöhnlich.,ability,B1
finanziell,Er steckt in einer finanziellen Notlage.,financial,B1
die Jugendliche,Die Jugendliche liest ein Buch.,adolescent,A1
das Netz,Das Netz war gestern sehr instabil.,net,B1
die Änderung,Die Änderung wurde sofort umgesetzt.,change,B1
abschließen,"Er schließt die Tür ab, bevor er geht.",to lock,A2
die Erkenntnis,Die Erkenntnis traf ihn plötzlich.,realization,B2
selbstverständlich,Es war eine selbstverständliche Geste.,natural,B1
erzeugen,Die Fabrik erzeugt viele Waren.,to produce,B1
die Ursache,Die Ursache des Unfalls bleibt unklar.,cause,B1
ursprünglich,Die ursprüngliche Idee kam wieder hoch.,original,B1
die Basis,Die Basis des Erfolgs ist harte Arbeit.,basis,B1
erzielen,Er erzielte den höchsten Punktestand.,to achieve,B2
die Forschung,Die Forschung bringt neue Erkenntnisse.,research,B1
schießen,Er schoss das Tor in der letzten Minute.,to shoot,B1
warnen,Der Lehrer warnte die Schüler.,to warn,B1
der Zentimeter,Das Buch ist zehn Zentimeter dick.,centimeter,B1
eröffnen,Er eröffnete das Geschäft am Wochenende.,to open,A2
die Ahnung,"Ich habe keine Ahnung, wo er ist.",suspicion,A2
ankündigen,Er kündigte seinen Besuch für morgen an.,to announce,B1
das Enzym,Das Enzym zerlegt Zucker in Moleküle.,enzyme,C1
individuell,Jeder hat eine individuelle Meinung.,individual,B1
intensiv,Das intensive Training entwickelt Kraft.,intensive,B1
die Bundesregierung,Die Bundesregierung tagt heute.,federal government,C2
begreifen,Sie begriff diese neue Idee sofort.,to understand,A2
die Szene,Die Szene war sehr dramatisch.,scene,B1
rasch,Sie traf eine rasche Entscheidung.,quick,B2
real,Wir befassen uns mit realen Problemen.,real,A2
die Abgeordnete,Die Abgeordnete kam zu spät an.,member of parliament,
verstärken,Die Brücke wurde kürzlich verstärkt.,to strengthen,B1
ausschließen,Er wurde aus dem Verein ausgeschlossen.,to exclude,B1
sinnvoll,Diese Investition wirkt sehr sinnvoll.,sensible,B1
der Bezug,Der Bezug zur Realität fehlt in Träumen oft.,reference,B1
der Dienstag,Am Dienstag treffen wir uns wieder.,Tuesday,B1
der Stand,Wir sind am Stand der Verhandlungen.,stand,B2
retten,Er rettete den Hund aus dem Wasser.,to save,B1
zwanzig,Zwanzig Minuten sind vergangen.,twenty,
der Club,Der Club hat viele Mitglieder.,club,A2
die Gewalt,Die Gewalt hat hier keinen Platz.,violence,B1
gucken,Er guckte neugierig durchs Fenster.,to look,B1
der Anschlag,Der Anschlag erschütterte die Stadt.,attack,B1
beeinflussen,Er beeinflusst die Meinung der Gruppe.,to influence,B1
riechen,Die Blume begann süß zu riechen.,to smell,A1
außerhalb,Außerhalb der Stadt ist es ruhiger.,outside,A2
begleiten,Er begleitete sie zum Bahnhof.,to accompany,B1
das Publikum,Das Publikum applaudiert begeistert.,public,B1
der Besucher,Der Besucher ging durch die Ausstellung.,visitor,B1
das Wachstum,Das Wachstum der Stadt war enorm.,growth,C1
aufgeben,Er gab das Rennen wegen eines Traumas auf.,to give up,B1
stolz,Er ist stolz auf seinen Erfolg.,proud,B1
der Verlust,Der Verlust war schwer zu ertragen.,loss,B1
begründen,Die Firma muss die Preiserhöhung begründen.,to justify,A2
streng,Strenge Vorschriften gelten für den Zugang.,strict,A2
die Ecke,An der Ecke steht ein alter Baum.,corner,A1
der Lauf,Im letzten Lauf gewann sie die Goldmedaille.,course,A1
der Artikel,Der Artikel wurde gut recherchiert.,article,A2
berühmt,Die Mona Lisa ist ein berühmtes Gemälde.,famous,A2
ersetzen,Wir ersetzen den defekten Motor sofort.,to replace,A2
die Wahrscheinlichkeit,Die Wahrscheinlichkeit für Regen steigt.,probability,B2
das Ausland,Er möchte im Ausland arbeiten.,foreign countries,A1
bayrisch,Die bayrische Küche verwendet oft Schmalz.,Bavarian,C2
diesmal,Diesmal werde ich nicht nachgeben.,this time,B1
das Gehirn,Das Gehirn steuert den Körper.,brain,A1
das Gebäude,Das Gebäude wurde durch das Feuer zerstört.,building,B1
langfristig,Langfristige Pläne sichern oft Erfolg.,long-term,C1
herzlich,Ihr herzliches Lachen erfüllte den Raum.,cordial,A1
sichern,Er sichert die Daten vor Verlust.,to secure,B1
das Material,Das Material bricht unter Druck.,material,B1
verbringen,Wir verbringen den Sommer am Meer.,to spend (time),B1
der Strom,Der Strom fiel für eine Stunde aus.,stream,B1
das Amt,Das Amt hat die Genehmigung erteilt.,office,B1
kritisieren,Er kritisierte den Vorschlag scharf.,to criticize,B1
vermitteln,Der Film vermittelt eine wichtige Botschaft.,to convey,B2
die Wirklichkeit,Die Wirklichkeit sieht anders aus.,reality,B1
die Union,Die Union diskutiert über neue Gesetze.,union,B2
das Studium,Das Studium beginnt im Herbst.,study,A1
festhalten,"Halte dich am Seil fest, es wird steil!",to hold on to,B1
präsentieren,Er präsentierte die Ergebnisse.,to present,B1
die Demokratie,Die Demokratie muss verteidigt werden.,democracy,B2
niemals,Er wird das niemals vergessen.,never,A1
die Aufnahme,Wir machen eine Aufnahme des Gesprächs.,reception,B1
die Ausnahme,Es gibt keine Ausnahme von dieser Regel.,exception,B1
beenden,Er beendete das Gespräch abrupt.,to end,A2
die Investition,Die Investition zahlt sich aus.,investment,B2
die Lust,Die Lust zu gehen war verschwunden.,desire,B1
prüfen,Er prüfte die Unterlagen sehr genau.,to examine,A2
anlegen,Er legt sein Geld klug an der Börse an.,to put on,A2
der Zuschauer,Die Zuschauer jubelten der Mannschaft zu.,spectator,B1
hell,Das helle Licht erleuchtet den Raum.,light,A1
mitten,Mitten im Raum steht ein Tisch.,in the middle,B1
zufolge,Dem Bericht zufolge stiegen die Zahlen.,according to,B1
der Konflikt,Der Konflikt eskalierte schnell.,conflict,B1
die Bahn,Die Bahn fährt um neun Uhr ab.,train,A1
das Syrien,Syrien erlebt schwierige Zeiten.,Syria,C1
das Einkommen,Das Einkommen reicht kaum aus.,income,B1
empfehlen,Der Arzt empfiehlt viel Bewegung.,to recommend,A1
britisch,Er liest gerne britische Literatur.,British,B1
fürchten,Er fürchtet sich vor der Dunkelheit.,to fear,A2
vorbereiten,Sie bereitete das Abendessen vor.,to prepare,A2
die Aktivität,Die Aktivität brachte die Nachbarn zusammen.,activity,B1
der Auftrag,Der Auftrag ist abgeschlossen.,instructions,B1
froh,"Ich bin froh, dass du hier bist.",happy,A2
äußern,Er äußerte seine Meinung offen.,to express,B2
der Geist,Der Geist erschien in der Nacht.,mind,A1
das Objekt,Das Objekt ist von unschätzbarem Wert.,object,B1
möglicherweise,Möglicherweise kommt er morgen.,possibly,A2
zuständig,Er ist zuständig für die Organisation.,appropriate,B1
aufweisen,Das Produkt weist einige Mängel auf.,to show,C1
springen,Der Hund springt über den Zaun.,to jump,B1
der Hof,Der Hof war von hohen Mauern umgeben.,courtyard,B1
der Polizist,Der Polizist regelte den Verkehr.,police officer,B1
die Übung,"Die Übung half ihm, sich zu verbessern.",exercise,B1
der Widerstand,Der Widerstand gegen das Projekt wächst.,resistance,B1
anziehen,Sie zieht jeden Morgen ihre Jacke an.,to attract,A1
der Experte,Der Experte gab wertvolle Tipps.,expert,B1
ohnehin,Das war ohnehin keine gute Idee.,anyway,B2
füllen,Er füllt die Flasche mit Wasser.,to fill,A2
die Gemeinde,Die Gemeinde feierte das Fest.,community,B1
die Pause,Die Pause dauerte nur fünf Minuten.,pause,A1
scharf,Das scharfe Messer schneidet gut.,sharp,A2
schütteln,Er schüttelt den Kopf bei der Frage.,to shake,B1
das Fernsehen,Das Fernsehen berichtet vom Ereignis.,television,A1
die Formel,Die Formel war schwer zu verstehen.,formula,B2
gelb,Die Blätter sind im Herbst oft gelb.,yellow,B1
das Sommersemester,Das Sommersemester beginnt im April.,summer semester,
heftig,Der Sturm letzte Nacht war sehr heftig.,hard,A2
die Bühne,Die Bühne war hell erleuchtet.,stage,B1
empfinden,Er empfindet große Freude an der Musik.,to feel,A2
der Schaden,Der Schaden war groß nach dem Sturm.,damage,B1
umgekehrt,Die Reihenfolge war genau umgekehrt.,reversed,B1
veröffentlichen,Der Artikel wurde veröffentlicht.,to publish,B1
aufstellen,Sie haben das Zelt im Park aufgestellt.,to put up,B1
abhängig,Er ist finanziell von ihnen abhängig.,dependent,B1
die Strecke,Die Strecke war länger als erwartet.,distance,
die Praxis,Die Praxis ist modern ausgestattet.,practice,A1
ungefähr,Die Reise dauerte ungefähr eine Stunde.,approximately,B1
mitnehmen,Er nimmt seinen Hund überall mit.,to take (along),A1
üblich,Solche Regeln sind hier üblich.,usual,B1
übertragen,Die Daten werden in Echtzeit übertragen.,to transfer,B1
die Wissenschaft,Die Wissenschaft macht Fortschritte.,science,B1
global,Der globale Handel wächst schnell.,global,B1
der Nachmittag,Am Nachmittag treffen wir uns wieder.,afternoon,A2
die Annahme,Die Annahme war völlig falsch.,acceptance,B2
die Umgebung,Die Umgebung bietet viel Natur.,surroundings,B1
die Öffentlichkeit,Die Öffentlichkeit war schockiert.,public,B1
der Spiegel,Der Spiegel reflektiert das Licht.,mirror,B1
zurückkommen,Er kommt morgen aus dem Urlaub zurück.,to return,A1
besetzen,Die Demonstranten besetzten den Platz.,to occupy,B1
das Gegenteil,Das Gegenteil von “heiß” ist “kalt”.,opposite,A2
vorbei,Das Fest ist leider schon vorbei.,past,A2
der Fan,Der Fan jubelte laut im Stadion.,fan,A2
die Karte,Ich habe die Karte schon bezahlt.,card,A1
die Krise,Die Krise erschütterte das ganze Land.,crisis,B1
die Strategie,Die Strategie wurde gut geplant.,strategy,B1
die Debatte,Die Debatte endet ohne Ergebnis.,debate,B2
davor,Sie zögerte davor mit der Entscheidung.,before,A1
der Journalist,Der Journalist recherchierte gründlich.,journalist,B1
kochen,Er kochte ein einfaches Abendessen.,to cook,A1
zurückgehen,Er geht zu seinen Eltern zurück.,to go back,B1
der Schmerz,Der Schmerz lässt ihn nicht schlafen.,pain,A2
erheblich,Die erhebliche Änderung fiel auf.,considerable,C1
ausschließlich,Es war ein ausschließliches Treffen.,exclusive,B1
griechisch,Er studiert die griechische Mythologie.,Greek,B2
naja,"Naja, das hätte schlimmer sein können.",(oh) well,A1
die Runde,Die Runde endet nach zehn Minuten.,round,B1
der Angriff,Der Angriff erfolgte unerwartet.,attack,A2
einführen,Die Firma führte ein neues Produkt ein.,to introduce,B1
desto,"Je mehr er übt, desto besser wird er.",the more,A2
der Wettbewerb,Der Wettbewerb zog viele Teilnehmer an.,competition,A2
verfügen,Sie verfügt über viele Ressourcen.,to have sth at one’s disposal,B1
woher,Woher kennst du diese Geschichte?,from where,A1
der Zweifel,Er hatte keinen Zweifel an der Sache.,doubt,B1
der Konzern,Der Konzern expandiert weltweit.,corporation,B2
tanzen,Wir tanzten die ganze Nacht hindurch.,to dance,A1
überleben,Er überlebt das Unglück unverletzt.,to survive,A1
spezifisch,Die Anforderungen waren sehr spezifisch.,specific,C1
stabil,Das stabile Fundament trägt das Gebäude.,stable,B1
die Kamera,"Die Kamera ist teuer, aber gut.",camera,A2
der Schatten,Der Baum wirft einen Schatten.,shadow,B1
berücksichtigen,Er berücksichtigte alle Vorschläge.,to consider,B2
das Pferd,Das Pferd galoppierte über die Wiese.,horse,A2
begegnen,Er begegnete ihr auf der Straße.,to meet,B1
der Zugang,Der Zugang zum Gebäude ist gesperrt.,access,B1
elf,Elf Spieler stehen auf dem Feld.,eleven,
die Suche,Die Suche nach Antworten ging weiter.,search,A1
doppelt,Er bestellte einen doppelten Espresso.,double,B1
festlegen,Sie haben das Datum festgelegt.,to determine,B1
österreichisch,Das österreichische Essen schmeckt gut.,Austrian,C1
sodass,"Er arbeitet, sodass er Geld verdient.",so that,B1
die Tatsache,Die Tatsache wurde lange ignoriert.,fact,B1
der Alkohol,Alkohol wird bei der Feier serviert.,alcohol,B1
informieren,Er informiert die Öffentlichkeit.,to inform,B1
vermuten,Sie vermuteten das Schlimmste.,to assume,B1
zufrieden,Er ist zufrieden mit der Arbeit.,satisfied,A1
reißen,Der Faden reißt unter der Last.,to tear,A1
dahin,"Er ging dahin, wo es ruhig war.",there,B1
solange,"Solange es regnet, bleiben wir im Haus.",as long as,B1
der Wissenschaftler,Der Wissenschaftler forscht viel.,scholar,B1
die Kommunikation,Die Kommunikation im Team verlief gut.,communication,B1
das Steuer,Er hält das Steuer fest in der Hand.,steering wheel,B1
angeblich,Das angebliche Angebot wurde abgelehnt.,alleged,A2
günstig,Die Wohnung war überraschend günstig.,cheap,A1
der Dezember,Dezember ist ein kalter Monat.,December,B1
der Flughafen,Der Flughafen ist nachts weniger belebt.,airport,A1
das Krankenhaus,Das Krankenhaus ist gut ausgestattet.,hospital,A2
wenden,Er wendet das Auto auf der engen Straße.,to turn around,B1
türkisch,Der türkische Basar ist sehr lebhaft.,Turkish,C1
der Gegner,Der Gegner gibt sich nicht geschlagen.,opponent,B1
der Leser,Der Leser versteht den Text leicht.,reader,B1
die VWL,Die VWL beschäftigt sich mit Märkten.,economics,
der Handel,Der Handel zwischen Ländern wächst.,trade,B1
die Kenntnis,Sie hat gute Kenntnisse in Mathematik.,knowledge,B2
sichtbar,Der Fortschritt war deutlich sichtbar.,visible,B1
zulassen,Sie ließen die Schüler früher gehen.,to allow,A2
die Mark,Die Mark war früher die Währung.,Deutschmark,A1
vorsehen,Das Gesetz sieht neue Maßnahmen vor.,to look around,B2
die Schwierigkeit,Die Schwierigkeit liegt im Detail.,difficulty,B1
wahrnehmen,Er hat die Gefahr zu spät wahrgenommen.,to perceive,B2
hinweisen,Das Schild weist auf die Gefahr hin.,to point to,B1
der Juli,Im Juli machen viele Leute Urlaub.,July,B1
das Signal,Das Signal leuchtete plötzlich auf.,signal,A2
kontrollieren,Die Polizei kontrolliert den Verkehr.,to check,A2
sowieso,Es wird sowieso nicht funktionieren.,anyway,B1
der Bauer,Der Bauer erntet das Getreide.,farmer,B1
der Kurs,Der Sprachkurs begann letzten Montag.,course,A1
einst,Einst war er ein berühmter Künstler.,once,A2
der Service,Der Service verbessert sich ständig.,service,B1
sprachlich,Er zeigte sprachlich großes Talent.,linguistic,C2
bisherig,Die bisherige Lösung war unzureichend.,so far,C1
der Fahrer,Der Fahrer verlor die Kontrolle.,driver,A1
traditionell,Das traditionelle Fest bringt Freude.,traditional,B1
weinen,Er weint oft bei traurigen Filmen.,to cry,A2
genießen,Er genießt den Sonnenuntergang am Meer.,to enjoy,B1
der Dienst,Der Dienst begann um acht Uhr morgens.,service,B1
das Lager,Das Lager war groß und gut organisiert.,camp,B1
grau,Der graue Himmel versprach Regen.,gray,B2
anhand,Anhand der Daten analysieren wir.,on the basis of,B2
der Bus,Der Bus kommt täglich um acht Uhr.,bus,A1
der Franken,Der Preis betrug zwanzig Franken.,(Swiss) franc,C1
die Kategorie,Die Kategorie war schwer zuzuordnen.,category,B2
nett,Die Nachbarn sind immer sehr nett.,nice,A2
freundlich,Das Personal war sehr freundlich zu uns.,kind,A2
perfekt,Das Timing war einfach perfekt.,perfect,B1
reich,Er wurde durch harte Arbeit reich.,rich,A2
die Fahrt,Die Fahrt dauerte drei Stunden.,drive,C2
der Urlaub,Der Urlaub beginnt nächste Woche.,vacation,A1
ausländisch,Er spricht viele ausländische Sprachen.,foreign,A1
das Instrument,Das Instrument wurde gestimmt.,instrument,A2
fern,Das ferne Land lockt Abenteurer an.,far,A2
die Gegend,Die Gegend ist bekannt für ihre Weine.,area,B1
verstecken,Er versteckte den Schlüssel im Garten.,to hide,A1
das Feuer,Das Feuer brennt lodernd im Kamin.,fire,A1
bemühen,Er bemüht sich um eine Lösung.,to make an effort,B1
das Verständnis,Das Verständnis war schnell da.,understanding,B1
die AfD,Die AfD schnitt in der Wahl gut ab.,AfD,
die Bakterie,Die Bakterie vermehrt sich schnell.,bacterium,B2
tauchen,Die Ente tauchte plötzlich ab.,to dive,B1
die Konsequenz,Die Konsequenz war unvermeidlich.,consequence,B1
schuld,Er fühlt sich schuld am Unfall.,guilty,B1
die Mehrheit,Die Mehrheit stimmte für den Vorschlag.,majority,B1
anhaben,Heute habe ich einen Mantel an.,to wear,B1
die Bestimmung,Die Bestimmung war klar definiert.,regulation,B2
vermeiden,"Er vermeidet Konflikte, wo er kann.",to avoid,B1
ehrlich,Er ist immer ehrlich zu seinen Freunden.,honest,B1
beachten,Er hat die Warnschilder nicht beachtet.,to pay attention,B1
statistisch,Die statistische Analyse ergab Trends.,statistical,B1
der Hals,Der Hals schmerzte seit Tagen.,neck,A2
durchsetzen,Er setzte seinen Willen schnell durch.,to carry through,B2
italienisch,Das Essen schmeckt italienisch.,Italian,B2
die Scheiße,Die Scheiße traf den Ventilator.,crap,
das Telefon,Das Telefon klingelt ununterbrochen.,telephone,A1
der Herbst,Der Herbst bringt kühles Wetter.,autumn,B2
die Ausstellung,Die Ausstellung war gut besucht.,exhibition,A2
der Bau,Der Bau des Hauses dauerte ein Jahr.,construction,B1
der Keller,Der Keller ist voll mit alten Möbeln.,cellar,A2
der Bürgermeister,Der Bürgermeister eröffnete das Fest.,mayor,A2
entlang,Wir spazierten den Fluss entlang.,along,B1
die Flasche,Er öffnete die Flasche und trank alles.,bottle,A1
wunderbar,Der Abend war einfach wunderbar.,wonderful,A1
der Zweck,Der Zweck der Reise ist geschäftlich.,purpose,B1
ehren,Sie ehrten ihn für seine Verdienste.,to honor,A1
die Verwendung,Die Verwendung des Produkts ist einfach.,use,B2
letztlich,Letztlich zählt nur das Ergebnis.,in the end,B2
die Fläche,Die Fläche wurde neu bepflanzt.,area,B1
streichen,Er strich die Wand mit blauer Farbe.,to paint,A2
zitieren,Er zitiert oft aus bekannten Büchern.,to quote,B2
senken,Die Regierung hat die Steuern gesenkt.,to sink,B2
behalten,Er behält das Geheimnis für sich.,to keep,B1
gestalten,Er gestaltete das Plakat kreativ.,to shape,B2
beweisen,Er konnte seine Unschuld beweisen.,to prove,B1
der Umgang,Der Umgang mit ihm ist schwierig.,dealing,B2
überprüfen,Er überprüft die Daten regelmäßig.,to check,B1
der Lehrstuhl,Der Lehrstuhl ist seit Jahren unbesetzt.,professorship,C2
schenken,Er schenkt ihr Blumen zum Geburtstag.,to give (as a present),A2
der Vorschlag,Der Vorschlag wurde angenommen.,suggestion,A2
anhalten,Er hält das Auto an der Ampel an.,to stop,A2
entfernt,Der entfernte Berg war kaum zu sehen.,distant,A1
der Leiter,Der Leiter der Abteilung ist kompetent.,leader,B1
das Parlament,Das Parlament verabschiedete das Gesetz.,parliament,B2
stürzen,Er stürzte beim Skifahren schwer.,to fall,B1
die Waffe,Die Waffe wurde schnell versteckt.,weapon,A1
das Kriterium,Das Kriterium war streng definiert.,criterion,C1
der Beifall,Der Beifall erfüllte den ganzen Saal.,applause,B2
zerstören,Er zerstörte das alte Gebäude komplett.,to destroy,B1
zuhören,Er hört dem Lehrer aufmerksam zu.,to listen,A2
ausfallen,Der Unterricht fällt heute aus.,to drop out,B1
die Weile,Nach einer Weile ging er weiter.,while,A1
drängen,"Er drängte mich, schneller zu arbeiten.",to push,B1
einerseits,Einerseits ist das eine gute Idee.,on the one hand,B1
die Spannung,Die Spannung steigt ins Unermessliche.,suspense,B1
der Fortschritt,Der Fortschritt war deutlich sichtbar.,progress,B1
die Mathematik,Die Mathematik ist präzise und logisch.,mathematics,B2
das Bad,Das Bad ist frisch renoviert worden.,bath,A1
erläutern,Kannst du das näher erläutern?,to explain,C1
packen,Er packt seinen Koffer für die Reise.,to pack,A2
das Großbritannien,Großbritannien verließ die EU.,Great Britain,B2
vorsichtig,Der vorsichtige Fahrer hielt an.,cautious,A2
anwenden,Er wendet die Technik erfolgreich an.,to apply,B2
wild,Der wilde Sturm tobt die ganze Nacht.,wild,B1
gesetzlich,Die gesetzliche Regelung wurde geändert.,legal,C1
die Spitze,Die Spitze des Turms wurde restauriert.,tip,A2
die Spitzenlast,Die Spitzenlast überforderte das Stromnetz.,tip,
das Gerät,Das Gerät ist einfach zu bedienen.,tool,A2
der Wille,Sein Wille zu gewinnen ist stark.,will,B1
sicherlich,Sicherlich wird er bald anrufen.,certainly,A2
weisen,Der Lehrer weist auf den Fehler hin.,to point,A2
die Tradition,Die Tradition wurde fortgeführt.,tradition,B1
brennen,Das Feuer brennt seit Stunden.,to burn,B1
freiwillig,Freiwillige Helfer arbeiteten hart.,voluntary,A2
umso,"Je mehr er übt, umso besser wird er.",the (more ... the),B1
der Antrag,Der Antrag erhielt breite Zustimmung.,application,A2
investieren,Er investiert in erneuerbare Energien.,to invest,B1
bestellen,Er bestellte das Essen für alle.,to order,A1
die Gelegenheit,Das ist eine gute Gelegenheit.,opportunity,B1
die Mauer,Die Mauer schützt das alte Haus.,wall,B1
stattdessen,Er blieb stattdessen zu Hause.,instead,A2
der Stuhl,Der Stuhl wackelt auf dem Boden.,chair,A2
der Ton,Der Ton änderte sich plötzlich.,sound,A2
das Büro,Er arbeitet jeden Tag im Büro.,office,A2
die Umwelt,Die Umwelt wird stark belastet.,environment,B1
rauchen,Er raucht jeden Tag eine Zigarette.,to smoke,A1
die Beschreibung,Die Beschreibung passt genau zum Bild.,description,B1
die Pflanze,Die Pflanze wächst schnell im Licht.,plant,A2
die Tätigkeit,Die Tätigkeit machte ihm Spaß.,activity,B1
die Landschaft,Die Landschaft ist atemberaubend.,landscape,A2
verweisen,Er verwies auf die Regeln im Vertrag.,to refer,B2
der Arbeitsplatz,Der Arbeitsplatz wird modernisiert.,workplace,A1
erfassen,Er konnte das Konzept nicht erfassen.,to determine,B1
die Komponente,Die Komponente war fehlerhaft.,component,C1
das Ion,Das Ion trägt eine elektrische Ladung.,ion,C2
der Laden,Der Laden schließt um acht Uhr abends.,shop,A1
fein,Der feine Sand fühlt sich weich an.,fine,A2
der Stern,Der Stern leuchtet am klaren Himmel.,star,B1
der Schuh,Der Schuh drückt an der Ferse.,shoe,A1
das Knie,Das Knie schmerzt nach dem Sturz.,knee,B1
null,Die Temperatur fiel auf null Grad.,zero,C2
die Schicht,Eine dünne Schicht Staub bedeckte es.,layer,B2
unglaublich,Die Geschichte ist unglaublich.,incredible,B1
zurück,Ich komme morgen zurück nach Hause.,back,A1
die Realität,Die Realität übertraf die Erwartungen.,reality,B1
sobald,"Sobald es regnet, bleiben wir.",as soon as,B1
belegen,Er belegte den Kurs an der Uni.,to occupy,B1
der Fluss,Der Fluss fließt ruhig durch die Stadt.,river,A2
die Alternative,Es gibt keine Alternative zum Plan.,alternative,B1
verpflichten,Er ist verpflichtet zu helfen.,to obligate,B1
begrüßen,Er begrüßt seine Gäste herzlich.,to greet,B1
die Führung,Die Führung des Teams war vorbildlich.,management,A1
untere,Das Buch ist auf dem unteren Regal.,lower,
das Handy,Ich habe mein Handy vergessen.,mobile phone,A1
die Hauptstadt,Die Hauptstadt war in Aufruhr.,capital city,A2
das Experiment,Das Experiment verlief wie geplant.,experiment,A2
der Frieden,Der Frieden war endlich erreicht.,peace,A1
der Verlauf,Der Verlauf der Straße war kurvig.,course,B2
das Potenzial,Das Potenzial des Projekts ist enorm.,potential,B2
der Verlag,Der Verlag veröffentlicht Bücher.,publishing company,B1
der Ministerpräsident,Der Ministerpräsident spricht.,governor,C1
der Vogel,Der Vogel flog hoch in den Himmel.,bird,A2
beschränken,Er beschränkte die Zugänge strikt.,to restrict,B1
die Branche,Die Branche wächst aktuell sehr stark.,sector,B2
der Schauspieler,Der Schauspieler gewann einen Preis.,actor,B1
vorschlagen,"Er schlug vor, früher zu gehen.",to suggest,B1
beinahe,Er hätte beinahe den Zug verpasst.,almost,B1
jährlich,Das jährliche Fest zog viele an.,annual,C1
die Botschaft,Die Botschaft wurde deutlich vermittelt.,message,B1
der Alltag,Der Alltag kehrte schnell zurück.,workday,B1
der Umsatz,Der Umsatz stieg im letzten Quartal.,turnover,C1
der Verband,Der Verband muss gewechselt werden.,association,B2
betreten,Er betrat den Raum ohne zu zögern.,to enter,A2
die Regelung,Die Regelung wurde pünktlich umgesetzt.,regulation,C2
teilnehmen,Sie hat am Marathon teilgenommen.,to take part,A2
überwiegen,Die Vorteile überwiegen die Nachteile.,to outweigh,C2
bedingen,Die Verzögerung hat das Problem bedingt.,to cause,C2
die Gestalt,Die Gestalt verschwand im Nebel.,shape,B2
zukommen,Das Auto kam schnell auf uns zu.,to come toward,B1
ablaufen,Der Vertrag läuft Ende des Jahres ab.,to run out,B1
der Minister,Der Minister spricht im Parlament.,minister,A2
das Fahrzeug,Das Fahrzeug parkt direkt vor dem Haus.,vehicle,B1
fließen,Der Fluss fließt ruhig durch das Tal.,to flow,B1
gemäß,Gemäß den Regeln ist es erlaubt.,according to,B2
der Vorwurf,Der Vorwurf gegen ihn war unbegründet.,reproach,B1
erforderlich,Die Genehmigung ist erforderlich.,required,B1
die Haltung,Seine Haltung war immer aufrecht.,posture,B2
der Schriftsteller,Der Schriftsteller schreibt Romane.,writer,B1
die Stimmung,Die Stimmung des Teams war optimistisch.,mood,B1
zufällig,Der zufällige Fund ändert das Projekt.,accidental,B1
enorm,Der Aufwand für das Projekt war enorm.,enormous,B1
das Fach,Das Fach war sein Lieblingsbereich.,compartment,A2
begrenzen,Wir müssen die Ausgaben begrenzen.,to limit,B2
das Lied,Das Lied bleibt im Kopf hängen.,song,A1
die Nation,Die Nation feierte ihre Unabhängigkeit.,nation,B1
die Verhandlung,Die Verhandlung beginnt morgen.,negotiation,B1
der Wein,Der Wein schmeckt ausgezeichnet.,wine,A1
die Auflage,Die neue Auflage erschien gestern.,edition,C1
billig,"Das Material war zwar billig, aber gut.",cheap,A1
dünn,Das dünne Papier reißt schnell.,thin,A2
achten,Man muss auf die Details achten.,to respect,B1
der Amerikaner,Der Amerikaner spricht Englisch.,American,A2
der Anbieter,Der Anbieter wurde gewechselt.,supplier,B1
die Industrie,Die Industrie boomt in dieser Region.,industry,B1
das Spanien,Spanien ist ein beliebtes Reiseziel.,Spain,B1
der Jude,Der Jude erzählte uns seine Geschichte.,Jew,B1
der Vorgang,Der Vorgang dauerte länger als erwartet.,procedure,B2
ausgeben,Er gibt viel Geld für Bücher aus.,to spend,A2
der Meister,Der Meister lehrt seine Schüler gut.,master,B1
umdrehen,Er drehte das Bild vorsichtig um.,to turn over,B2
weitgehend,Die weitgehende Ruhe war angenehm.,extensive,C2
traurig,Er war traurig über die Nachricht.,sad,A2
die Aufmerksamkeit,Er bekam sofort volle Aufmerksamkeit.,attention,A2
die Berechnung,Die Berechnung führt zum Ergebnis.,calculation,B2
gegenseitig,Sie hatten gegenseitigen Respekt.,mutual,A2
kurzfristig,Die kurzfristige Planung bringt Stress.,at short notice,B2
die Stufe,"Die Stufe ist hoch, sei vorsichtig.",step,B1
das Urteil,Das Urteil wurde heute verkündet.,sentence,B1
primär,Die primäre Aufgabe ist erledigt.,primary,C1
der Schnee,Der Schnee bedeckt die Straßen.,snow,B1
vollkommen,Das Projekt ist nun vollkommen.,complete,A2
das England,England liegt im Nordwesten Europas.,England,A2
massiv,Das massive Tor öffnete sich langsam.,solid,B2
sämtlich,Sämtliche Tickets sind ausverkauft.,all,B1
übersetzen,Sie übersetzt das Buch ins Deutsche.,to translate,A2
dringend,Ein dringender Appell wurde gemacht.,urgent,A2
verursachen,Der Fehler verursacht Probleme.,to cause,B1
die Konkurrenz,"Die Konkurrenz war hart, aber fair.",competition,B1
der Muskel,Der Muskel am Bein schmerzt stark.,muscle,B1
der Test,Der Test war schwieriger als erwartet.,test,A1
der Süden,Der Süden lockt mit warmem Wetter.,south,A2
super,Das neue Restaurant ist wirklich super!,super,A2
ökonomisch,Das Land hat ökonomische Probleme.,economic,C1
die Erzählung,Die Erzählung fesselt die Zuhörer.,narration,C1
die Initiative,Die Initiative kam von den Mitarbeitern.,initiative,B2
das Flugzeug,Das Flugzeug hob pünktlich ab.,airplane,A1
die DNA,Die DNA-Analyse brachte Klarheit.,DNA,B1
die Flüssigkeit,Die Flüssigkeit fließt aus dem Glas.,liquid,B1
der Geburtstag,Mein Geburtstag wird groß gefeiert.,birthday,A1
das Kleid,Das Kleid steht ihr wirklich gut.,dress,A2
zeitlich,Alles wurde zeitlich erledigt.,in time,C1
der Ball,Der Ball ist über den Zaun geflogen.,ball,A2
die Brust,Die Brust hebt sich beim Atmen.,breast,B1
elektronisch,Die elektronische Musik füllte den Raum.,electronic,B1
verabschieden,Wir haben uns herzlich verabschiedet.,to say goodbye,A2
ausdrücken,Er drückte seine Gefühle deutlich aus.,to express,A2
das Detail,Jedes Detail des Plans wurde bedacht.,detail,B1
demokratisch,Das Land hat ein demokratisches System.,democratic,B2
die Variable,Die Variable beeinflusst das Ergebnis.,variable,C2
das Fleisch,Das Fleisch war zart und saftig.,meat,A1
körperlich,Körperliche Bewegung ist wichtig.,physical,B1
die Liste,Die Liste der Teilnehmer ist lang.,list,B1
träumen,Er träumt von einer besseren Welt.,to dream,A2
das Volumen,Das Volumen des Pakets ist groß.,volume,C2
zugeben,Er musste endlich seinen Fehler zugeben.,to admit,A2
ah,"Ah, jetzt verstehe ich den Plan.",ah,A1
das Drittel,Ein Drittel der Schüler fehlt.,third,B2
akzeptieren,Er akzeptiert die Entscheidung.,to accept,B1
endgültig,Die endgültige Antwort brachte Klarheit.,final,B1
ewig,Die ewige Freundschaft übersteht alles.,eternal,B1
die Perspektive,Die Perspektive änderte sich schnell.,perspective,B2
das Restaurant,Das Restaurant bot köstliche Speisen an.,restaurant,A1
wandern,Sie sind durch die Berge gewandert.,to (go on a) walk or hike,A1
die Tasche,Sie packte die Tasche für die Reise.,pocket,A1
vornehmen,"Er nahm sich vor, mehr zu lesen.",to plan,B1
die Beamte,Der Beamte kontrollierte die Papiere.,official,
orientieren,Er orientiert sich nach Süden.,to orient,C1
schmal,Die schmale Gasse führt zum Marktplatz.,narrow,B2
der Streit,Der Streit eskalierte schnell.,argument,B1
spannend,Der Film gestern war wirklich spannend.,exciting,A2
wohin,Wohin gehst du jetzt so schnell?,where,A1
das Dach,Das Dach des Hauses wurde repariert.,roof,B1
die Karriere,Seine Karriere verlief steil nach oben.,career,B1
regeln,Das Ampelsystem regelt den Verkehr.,to control,B1
insofern,Insofern ist der Plan gelungen.,as far as that goes,C2
die Zigarette,Die Zigarette liegt auf dem Tisch.,cigarette,A1
bunt,Der Garten ist voller bunter Blumen.,colorful,A2
die Falle,Die Falle wurde geschickt gestellt.,trap,
verbreiten,Das Virus verbreitet sich schnell.,to spread,A2
die Auswirkung,Die Auswirkung war sofort spürbar.,effect,B2
einander,Sie haben sich ineinander verliebt.,each other,A2
weshalb,Weshalb bist du heute so still?,why,B1
der Unterricht,Der Unterricht beginnt um neun Uhr.,instruction,A1
das Bedürfnis,Das Bedürfnis nach Ruhe wächst.,need,B2
das Niveau,Das Niveau steigt mit der Übung.,level,B2
die Tante,Meine Tante besuchte uns am Wochenende.,aunt,B1
die Prüfung,Er bestand die Prüfung mit guten Noten.,examination,A1
mitbringen,Er bringt Kuchen zur Party mit.,to bring,A1
seltsam,Er fand die Situation seltsam.,strange,B1
das Gen,Das Gen beeinflusst die Haarfarbe.,gene,B1
engagieren,Sie haben einen neuen Manager engagiert.,to hire,B1
der Onkel,Mein Onkel besucht uns jedes Wochenende.,uncle,B1
soweit,"Soweit ich weiß, kommt er nicht.",as far as,A1
mächtig,Der Fluss ist nach dem Regen mächtig.,powerful,A2
ausgerechnet,Ausgerechnet jetzt fehlt mir die Zeit.,of all people,B1
zweimal,Er hat das Spiel schon zweimal gesehen.,twice,A2
die Störung,Die Störung wurde schnell behoben.,disturbance,B1
die Aktion,Die Aktion begann früh am Morgen.,action,B1
künstlich,Die Blumen in der Vase sind künstlich.,artificial,B1
die Auseinandersetzung,Die Auseinandersetzung endete friedlich.,argument,C1
pflegen,Er pflegt seinen kranken Vater.,to care,B1
die Ausgabe,Die Ausgabe wurde eingestellt.,distribution,B1
online,Das Buch kann man online bestellen.,online,A2
ableiten,Er leitet die Regeln aus dem Text ab.,to derive,C2
etc.,"Er kaufte Äpfel, Bananen, Orangen, etc.",etc.,
leuchten,Die Lampe leuchtet hell im Dunkeln.,to shine,B1
die Anlage,Die Anlage wurde modernisiert.,facility,B1
erweitern,Er erweiterte sein Wissen durch Bücher.,to widen,B2
erweisen,Es hat sich als wahr erwiesen.,to prove,B1
die Gesundheit,Die Gesundheit ist das wichtigste Gut.,health,B1
zutreffen,Diese Beschreibung trifft genau zu.,to be correct,C1
aufführen,Das Theater führt ein Stück auf.,to perform,B2
der Kandidat,Der Kandidat stellte sich vor.,candidate,B1
profitieren,Er profitiert von den neuen Regelungen.,to profit,B2
die Rechnung,Die Rechnung wurde per Post zugestellt.,bill,A1
der Übergang,"Der Übergang war schwer, aber nötig.",crossing,C1
zusammenfassen,Er fasste den Bericht kurz zusammen.,to summarize,B1
beeindrucken,Er will seine Kollegen beeindrucken.,to impress,A2
einnehmen,Er nimmt die Medikamente regelmäßig ein.,to take (up/in),B1
das Loch,Das Loch im Zaun muss repariert werden.,hole,B1
das Management,Das Management entschied schnell.,management,B2
schwimmen,Ich schwimme jeden Morgen im See.,to swim,A1
die Erwartung,Die Erwartungen wurden erfüllt.,expectation,B2
beantworten,Er beantwortete die Frage korrekt.,to answer,A2
der Beweis,Der Beweis überzeugt den Richter.,proof,B1
der Weltkrieg,Der Weltkrieg veränderte die Welt.,world war,B2
kompliziert,Er erklärte die komplizierte Aufgabe.,complicated,B1
die Stirn,Er legte die Stirn in tiefe Falten.,forehead,B1
die Behandlung,Die Behandlung schlug sofort an.,treatment,A2
der Zahn,Der Zahn schmerzt seit Tagen stark.,tooth,A2
aussprechen,Er spricht seine Bedenken offen aus.,to pronounce,A2
beliebt,Das Buch ist bei vielen sehr beliebt.,popular,A2
das Eis,Das Eis in der Waffel schmolz schnell.,ice,B1
komisch,Das Verhalten war etwas komisch.,funny,A2
westlich,Das westliche Gebiet war ruhig.,western,B1
geistig,Die geistige Debatte war intensiv.,intellectual,B1
die Länge,Die Länge des Films war ideal.,length,B1
unmöglich,So eine Aufgabe ist fast unmöglich.,impossible,A1
optimal,Wir haben die optimale Lösung gefunden.,best possible,C1
das Wetter,Das Wetter war sonnig und warm.,weather,A1
ergänzen,Er ergänzt den Text mit neuen Ideen.,to add,B1
voneinander,Sie hörten lange nichts voneinander.,from each other,B1
auswählen,Er wählt den besten Kandidaten aus.,to choose,B1
befragen,Der Journalist befragte den Zeugen.,to ask,A2
der Anwalt,Der Anwalt vertrat seine Interessen.,attorney,A1
dahinter,Dahinter verbarg sich ein Geheimnis.,behind it,A2
die Stärke,Seine Stärke liegt in der Ruhe.,strength,A2
die Ironie,Die Ironie war offensichtlich.,irony,B2
die Ansicht,Das ist meine persönliche Ansicht.,opinion,B1
die AG,Die AG wurde letztes Jahr gegründet.,incorporated company,C1
ausbilden,Sie bildet sich zur Lehrerin aus.,to train,B1
empirisch,Empirische Daten stützen die Theorie.,empirical,C2
die Kombination,Die Kombination war einzigartig.,combination,B1
die Ermittlung,Die Ermittlung brachte neue Beweise.,investigation,A2
das Gedicht,Das Gedicht beschreibt den Herbst.,poem,B1
unterhalten,Er unterhält sich gern mit Freunden.,to amuse oneself,A1
die Hochschule,Die Hochschule ist sehr angesehen hier.,college,C1
die Umsetzung,Die Umsetzung des Plans ist im Gange.,transfer,C2
das Engagement,Ihr Engagement in der Politik nahm zu.,commitment,B2
erschrecken,Der laute Knall erschreckt die Kinder.,to frighten,A2
erwerben,Er hat ein neues Haus erworben.,to acquire,B2
das Wesen,Das Wesen des Problems ist komplex.,being,A2
parallel,Die parallelen Prozesse liefen gut.,parallel,B1
hierbei,Hierbei wurde nichts beschädigt.,while doing this,B2
das Schloss,Das Schloss stand auf einem Hügel.,lock,A2
steuern,Sie steuert das Boot durch den Fluss.,to steer,B2
das Wunder,Das Wunder ereignete sich plötzlich.,miracle,B1
der Abschluss,Der Abschluss des Projekts ist heute.,end,B1
irgendwelche,Irgendwelche Probleme gab es immer.,some,A1
korrekt,Deine Antwort war völlig korrekt.,correct,B1
die Vorsitzende,Der Vorsitzende leitet die Sitzung.,chairperson,
verraten,Er hat das Geheimnis verraten.,to tell a secret,B1
anpassen,Er passte das Design den Wünschen an.,to adjust,B2
automatisch,Der automatische Prozess lief perfekt.,automatic,A1
die Physik,Die Physik erklärt viele Naturphänomene.,physics,B2
die Erkrankung,Die Erkrankung breitet sich aus.,illness,C1
spanisch,Er hört gerne spanische Musik.,Spanish,B1
der Teilnehmer,Jeder Teilnehmer erhielt eine Urkunde.,participant,B1
die Veranstaltung,Die Veranstaltung war gut besucht.,event,A2
vorhaben,"Sie hat vor, nächstes Jahr zu reisen.",to have in mind,B1
verbergen,Er verbirgt seine Gefühle geschickt.,to hide,A2
aha,"Aha, jetzt verstehe ich endlich!",aha,A1
malen,Sie malt ein Bild vom Sonnenuntergang.,to paint,A2
die Post,Die Post kommt heute sehr spät.,mail,A1
die Seele,Die Seele leidet unter der Einsamkeit.,soul,A1
üben,Er übt täglich auf der Gitarre.,to practice,A2
der August,Im August blühen die schönsten Blumen.,August,B1
der Knochen,Der Knochen brach bei dem Sturz.,bone,B1
das Geräusch,Das Geräusch kam aus dem Keller.,sound,A2
die Gegenwart,In der Gegenwart gibt es viele Chancen.,present,B1
generell,Generell verlief das Treffen gut.,general,C1
die Aminosäure,Aminosäuren sind Bausteine der Proteine.,amino acid,C2
das Marketing,Das Marketing lockte viele Kunden an.,marketing,C1
das Phänomen,Das Phänomen ist weltweit bekannt.,phenomenon,B2
der Russe,Der Russe spricht fließend Deutsch.,Russian,B2
die Brücke,Die Brücke verbindet die beiden Städte.,bridge,A2
daneben,Daneben liegt das richtige Buch.,beside it,A1
das Gewicht,Das Gewicht des Pakets war groß.,weight,A1
beruhigen,Er beruhigt das weinende Kind.,to calm,B1
ansonsten,Ansonsten habe ich nichts mehr zu sagen.,otherwise,B1
verrückt,Diese verrückte Idee gefällt mir!,crazy,B1
versorgen,Sie versorgten die Kinder mit Essen.,to supply,A2
der Start,Der Start der Kampagne war erfolgreich.,start,B1
weiblich,Der weibliche Vogel singt nicht.,feminine,A1
seitdem,Seitdem geht er jeden Tag joggen.,since then,B1
die Treppe,Die Treppe knarrte bei jedem Schritt.,stairs,A1
die Decke,Die Decke war aus schwerem Stoff.,ceiling,B1
die Einstellung,Ihre Einstellung hat sich geändert.,attitude,B1
heiraten,Er heiratet seine Jugendliebe.,to marry,A1
mittels,Er löste das Rätsel mittels Logik.,by means of,C1
der Unfall,Der Unfall verlief glimpflich.,accident,A2
der Bestandteil,Wasser bleibt ein wichtiger Bestandteil.,component,C1
der Regen,Der Regen hörte plötzlich auf.,rain,A1
entschuldigen,Sie entschuldigt sich für den Fehler.,to excuse,A1
der Fisch,Der Fisch schwamm im klaren Wasser.,fish,A1
die Medizin,Die Medizin linderte sofort den Schmerz.,medicine,B1
das Schicksal,Das Schicksal meinte es gut mit ihm.,fate,A1
aufgehen,Die Sonne geht früh am Morgen auf.,to rise,B1
das Video,Das Video ging im Internet viral.,video,B1
zugehen,Er geht langsam auf die Tür zu.,to approach,B1
durchschnittlich,Seine Leistungen waren durchschnittlich.,average,B1
der Strand,Der Strand war am frühen Morgen leer.,beach,A2
der Zins,Der Zins für das Darlehen ist hoch.,interest,B2
bewerten,Er bewertet das Ergebnis als positiv.,to assess,B2
bezüglich,Bezüglich des Plans habe ich Fragen.,regarding,B1
begeistern,Das Konzert hat alle begeistert.,to inspire,C1
die Ladung,Die Ladung des Lkw war zu schwer.,charge,B1
äußerst,Der Vortrag war äußerst interessant.,extremely,A2
lustig,Er erzählte eine lustige Geschichte.,funny,A1
potenziell,Das potenzielle Risiko war bekannt.,potential,B2
der Dichter,Der Dichter schrieb berühmte Gedichte.,writer,C2
die Religion,Die Religion beeinflusst viele Kulturen.,religion,B1
religiös,Er ist sehr religiös erzogen worden.,religious,B1
nackt,Er stand nackt vor der Dusche.,naked,A2
die Ware,Die Ware wurde heute geliefert.,goods,B1
beruflich,Die berufliche Veränderung fordert Mut.,professional,B1
lokal,Das lokale Projekt fand großen Anklang.,local,A1
der Standard,Der Standard ist hoch angesetzt.,standard,B2
der Kanzler,Der Kanzler hielt eine wichtige Rede.,chancellor,B2
nochmal,"Er versuchte es nochmal, ohne Erfolg.",again,A1
auflösen,Der Zucker löst sich im Tee auf.,to dissolve,B1
aufregen,Er regte sich über den Lärm auf.,to excite,B1
die Abhängigkeit,Die Abhängigkeit macht Sorgen.,dependence,C1
die Einrichtung,Die Einrichtung der Wohnung war modern.,institution,B1
vereinigen,Die beiden Firmen wurden vereinigt.,to unite,B2
vereinbaren,Sie vereinbarten einen neuen Termin.,to agree,A2
verschieben,Wir müssen das Treffen verschieben.,to move,A2
bewirken,Er bewirkte eine große Veränderung.,to cause,B1
das Bundesland,Das Bundesland hat viele Einwohner.,state,
erleichtern,Das neue System erleichtert die Arbeit.,to relieve,B1
die Institution,Die Institution fördert Bildung.,institution,B2
rechtlich,Die rechtliche Lage ist unsicher.,legal,B1
das Viertel,Das Viertel ist bekannt für seine Cafés.,quarter,B1
die Dimension,Die Dimension wurde genau berechnet.,dimension,B2
das Ei,Das Ei kocht in heißem Wasser.,egg,
müde,Nach dem Lauf war ich sehr müde.,tired,A1
sparen,Er spart für ein neues Fahrrad.,to save,A2
quasi,Das Projekt ist quasi abgeschlossen.,almost,B1
Wiener,Die Wiener Oper ist weltbekannt.,Viennese,C1
blöd,Es war wirklich eine blöde Entscheidung.,stupid,A2
die Soziologie,Soziologie erklärt soziale Strukturen.,sociology,C2
tätig,Er ist seit Jahren in der Firma tätig.,active,B2
das Afghanistan,Afghanistan liegt in Südasien.,Afghanistan,B2
die Flucht,Die Flucht gelang trotz großer Gefahr.,flight,B1
absehen,Man konnte das Problem schon absehen.,to foresee,A2
das Afrika,Afrika hat viele verschiedene Kulturen.,Africa,B1
regional,Die regionale Küche war lecker.,regional,B1
strategisch,Die strategische Planung bringt Erfolg.,strategic,C1
exakt,Die exakte Zahl wurde genannt.,exact,B1
fortsetzen,Nach der Pause setzte er fort.,to continue,B1
steigern,Er steigerte seine Leistung deutlich.,to increase,B2
die Übersetzung,Die Übersetzung war fehlerfrei.,translation,A2
womöglich,Womöglich kommt er morgen zurück.,possibly,B1
das Argument,Sein Argument überzeugte die meisten.,argument,B1
berühren,Er berührt vorsichtig den heißen Topf.,to touch,A1
das Kino,Das Kino zeigt heute einen neuen Film.,cinema,A1
die Dauer,Die Dauer des Films ist zwei Stunden.,duration,B1
klappen,Der Plan klappte besser als erwartet.,to fold,A2
das Polen,Polen hat viele schöne Städte.,Poland,B2
golden,Die goldene Uhr gehört meinem Opa.,gold,A2
klären,Er klärt die Situation schnell.,to clear up,B1
sauber,Die Wohnung ist jetzt endlich sauber.,clean,A2
der Bahnhof,Der Bahnhof ist immer sehr belebt.,(railway) station,A1
die Bewertung,Die Bewertung der Arbeit war positiv.,assessment,C1
die Messung,Die Messung ergibt klare Werte.,measuring,C1
gewaltig,Der Sturm hinterließ gewaltige Schäden.,enormous,B1
relevant,Die Daten sind für die Studie relevant.,relevant,B2
das Israel,Israel ist ein Land im Nahen Osten.,Israel,B2
die Lippe,Sie biss sich nervös auf die Lippe.,lip,B1
die BRD,Die BRD feiert dieses Jahr ein Jubiläum.,Federal Republic (of Germany),C2
der Charakter,Er hat einen starken Charakter.,character,B1
antreten,Er tritt seine neue Stelle an.,to take up,B1
die Lehre,Die Lehre erklärt die Grundlagen.,apprenticeship,B1
aufpassen,Pass bitte auf die Kinder auf!,to pay attention,A2
die Verletzung,Die Verletzung am Knie heilte langsam.,injury,B1
die CSU,Die CSU gewinnt in Bayern viele Stimmen.,CSU,C2
der Direktor,Der Direktor begrüßte die Gäste.,director,B1
enttäuschen,Er enttäuscht seine Eltern nie.,to disappoint,B1
fangen,Er fing den Ball mit einer Hand.,to catch,B1
die Träne,Eine Träne rollt über seine Wange.,tear,B1
damalig,Die damalige Entscheidung war schwer.,at that time,C1
dreißig,Dreißig Minuten vergingen schnell.,thirty,
mathematisch,Die mathematische Lösung ist korrekt.,mathematical,C1
die Pflicht,"Es ist meine Pflicht, zu helfen.",duty,B1
realisieren,Er realisierte seinen Traum endlich.,to realize,B1
einrichten,Er richtete die Wohnung gemütlich ein.,to furnish,B1
der Käufer,Der Käufer verhandelte über den Preis.,buyer,B1
das Rennen,Das Rennen beginnt um zehn Uhr.,race,B1
der Täter,Der Täter wurde schnell gefasst.,culprit,B1
befreien,Er befreite den Vogel aus dem Käfig.,to free,A1
ordnen,Er ordnet die Akten alphabetisch.,to arrange,B1
die Bezeichnung,Die Bezeichnung war irreführend.,name,C1
verteidigen,Er verteidigte seine Position.,to defend,A2
der Anlass,Der Anlass der Feier war ihr Geburtstag.,occasion,B1
medial,Die mediale Präsenz des Events war groß.,media,C2
hauptsächlich,Er ist hauptsächlich beschäftigt.,mainly,B1
der Hersteller,Der Hersteller garantiert hohe Qualität.,manufacturer,B1
normalerweise,Normalerweise bin ich pünktlich.,normally,B1
das Motiv,Das Motiv des Gemäldes ist die Natur.,motive,B1
die Auswahl,Die Auswahl im Supermarkt ist groß.,choice,B1
markieren,Er hat die Stelle im Buch markiert.,to mark,B1
mehrfach,Er wurde schon mehrfach ausgezeichnet.,multiple,B2
der Rang,Er hat einen hohen Rang in der Firma.,standing,B2
herausfinden,Er findet die Wahrheit heraus.,to find out,B1
nahezu,Die Aufgabe ist nahezu fertig.,nearly,B2
benennen,Er benennt die wichtigsten Punkte.,to name,B1
die Schrift,Die alte Schrift war schwer zu lesen.,script,B1
die Silbe,Die Betonung liegt auf der ersten Silbe.,syllable,C1
der Anstieg,Der Anstieg der Preise war erwartet.,rise,
die Kurve,Die Kurve war gefährlich scharf.,curve,B1
der Auftritt,Sein Auftritt auf der Bühne war kurz.,appearance,C1
integrieren,Wir müssen alle Systeme integrieren.,to integrate,B1
die Saga,Die Saga erzählt von mutigen Helden.,saga,B2
anmelden,Er meldete sich für den Wettbewerb an.,to register,B1
gerecht,Eine gerechte Lösung wurde gefunden.,just,B1
unendlich,Die Möglichkeiten scheinen unendlich.,endless,B1
der Bundestag,Der Bundestag debattierte stundenlang.,Bundestag,C2
literarisch,Sein Werk hat hohen literarischen Wert.,literary,C1
das Bewusstsein,Das Bewusstsein kehrte zurück.,consciousness,B1
die Stiftung,Die Stiftung fördert viele Projekte.,foundation,B2
die Erhöhung,Die Erhöhung der Preise trifft alle.,increase,B1
die GmbH,Die GmbH wurde 1995 gegründet.,limited liability company,C1
ungewöhnlich,Die Architektur ist sehr ungewöhnlich.,unusual,B1
die Anforderung,Die Anforderung stellt hohe Ansprüche.,requirement,C1
männlich,Die männlichen Läufer waren schneller.,male,A1
das Training,Das Training beginnt um acht Uhr.,training,A2
vorgehen,"Bitte gehen Sie vor, ich folge Ihnen.",to go on,A2
die Arbeitslosigkeit,Die Arbeitslosigkeit nahm drastisch zu.,unemployment,C1
das Brot,Das Brot ist frisch und knusprig.,bread,A1
die Geburt,Die Geburt verlief ohne Probleme.,birth,B1
der Hunger,Der Hunger trieb ihn zum Bäcker.,hunger,A1
jüdisch,Die jüdische Gemeinde feiert heute.,Jewish,B1
das Umfeld,Das Umfeld beeinflusst das Verhalten.,milieu,B2
allzu,Das ist allzu kompliziert für ihn.,overly,B1
der Graf,Der Graf lebt auf einem großen Anwesen.,count,B1
das Indien,Indien ist ein faszinierendes Land.,India,B1
lohnen,"Es lohnt sich, das Buch zu lesen.",to be worth it,B1
optisch,Die optische Illusion verwirrte viele.,optical,C1
militärisch,Die militärische Strategie war brillant.,military,B1
die Mühe,Die Mühe hat sich wirklich gelohnt.,effort,B1
unterbrechen,Er unterbrach das Gespräch höflich.,to interrupt,B1
grundlegend,Er gab die grundlegenden Anweisungen.,basic,C1
das Boot,Das Boot schaukelt auf den Wellen.,boat,B1
das Dutzend,Ein Dutzend Eier liegen im Korb.,dozen,A2
zurückziehen,Er zog seine Bewerbung zurück.,to withdraw,B1
klopfen,"Er klopfte, aber niemand öffnete.",to knock,B1
nachweisen,Er konnte seine Unschuld nachweisen.,to prove,B2
die Wolke,Eine dunkle Wolke zog über den Himmel.,cloud,A2
aufmachen,Er machte die Tür ganz leise auf.,to open,A2
kennzeichnen,Das Gebiet ist deutlich gekennzeichnet.,to characterize,C1
die Jugend,Die Jugend von heute ist gut vernetzt.,youth,B1
wundern,Er wundert sich über das Ergebnis.,to be surprised,A2
die Interpretation,Die Interpretation ist umstritten.,interpretation,C1
die Leber,Die Leber ist ein lebenswichtiges Organ.,liver,B1
die Stellung,Ihre Stellung in der Firma ist sicher.,position,C1
aufheben,Er hebt das Buch vom Boden auf.,to pick up,B1
die Belastung,Die Belastung der Brücke ist sehr hoch.,load,B2
heilig,Das Land ist den Menschen heilig.,holy,A1
der Umfang,Der Umfang des Projekts ist groß.,circumference,C1
die Beobachtung,Die Beobachtung ergab neue Erkenntnisse.,observation,B2
erfinden,Er erfindet ständig neue Geschichten.,to invent,B1
erfordern,Das Projekt erfordert viel Geduld.,to require,B1
der Gebrauch,Der Gebrauch des Werkzeugs war einfach.,use,B2
der Landtag,Der Landtag debattiert über das Gesetz.,parliament,
der Verkehr,Der Verkehr stockte plötzlich.,traffic,B1
aufhalten,"Sie versuchten, das Auto aufzuhalten.",to stop,B1
schneiden,Er schneidet das Brot in Scheiben.,to cut,A1
der Kauf,Der Kauf wurde schnell abgewickelt.,purchase,B1
das Öl,Das Öl wird aus Oliven gepresst.,oil,A2
der Betrag,Der Betrag wurde bereits überwiesen.,amount,B1
herauskommen,Das Buch kommt im Herbst heraus.,to come out,B1
das Fahrrad,Das Fahrrad steht vor der Tür.,bicycle,A1
die Koordination,Die Koordination war schwierig.,coordination,C2
die Nutzung,Die Nutzung von Solarenergie nimmt zu.,use,C1
der Park,Wir trafen uns im Park zum Picknick.,park,A2
resultieren,Aus Fehlern resultieren oft Probleme.,to result,C2
schmecken,Das Essen schmeckt hervorragend.,to taste,A1
starren,Er starrte minutenlang auf das Bild.,to stare,B1
verpassen,Er hat den letzten Bus verpasst.,to miss,A2
vorwerfen,"Er warf ihm vor, gelogen zu haben.",to accuse,B1
der Bauch,Mein Bauch fühlt sich komisch an.,belly,A1
der Verkauf,Der Verkauf lief besser als erwartet.,sale,B1
die Vorbereitung,Die Vorbereitung kostet viel Zeit.,preparation,B1
ausrichten,Richte ihr bitte die Änderungen aus.,to tell,B1
rühren,Er rührt den Kaffee mit dem Löffel um.,to stir,A2
der Trend,Der Trend geht zu nachhaltiger Mode.,trend,C1
aktivieren,Er aktiviert das neue Konto online.,to mobilize,A2
der Mechanismus,Der Mechanismus wurde repariert.,mechanism,C1
die Hose,Die Hose ist viel zu eng geworden.,trousers,A2
lügen,Er hat über seine Vergangenheit gelogen.,to (tell a) lie,A2
ansetzen,Er setzte den Schnitt präzise an.,to position,B1
arabisch,Das arabische Essen ist köstlich.,Arabian,B2
mischen,Er mischt die Farben sorgfältig.,to mix,B1
beruhen,Die Entscheidung beruht auf Fakten.,to be based,B2
das Japan,Japan ist bekannt für seine Technik.,Japan,B1
die City,Die City ist heute sehr belebt.,city center,A2
die Klausur,"Die Klausur war schwer, aber machbar.",exam,C2
innen,Es ist warm und trocken innen.,inside,B1
die Membran,Die Membran filtert das Wasser effektiv.,membrane,C2
das Metall,Das Metall ist schwer und kalt.,metal,B1
das Netzwerk,Das soziale Netzwerk wächst ständig.,network,B1
systematisch,Das systematische Vorgehen half sehr.,systematic,C1
die Technologie,Die Technologie entwickelt sich schnell.,technology,B1
die Trennung,Die Trennung fiel beiden schwer.,separation,B1
die E-Mail,Die E-Mail wurde sofort gesendet.,e-mail,
mitmachen,Er macht bei der Challenge mit.,to join in,A1
der Manager,Der Manager traf die Entscheidung.,manager,B1
die Oma,Die Oma backt die besten Plätzchen.,grandma,A1
die Umfrage,Die Umfrage zeigt klare Ergebnisse.,survey,B1
die Operation,Die Operation dauerte drei Stunden.,operation,B1
die Probe,Die Probe wurde ins Labor geschickt.,sample,A2
bedienen,Er bedient die Maschine mühelos.,to serve,B1
der Mut,"Er hat den Mut, die Wahrheit zu sagen.",courage,B1
nachhaltig,Nachhaltige Lösungen wurden gesucht.,lasting,C2
zusehen,Sie sieht ihm beim Spielen zu.,to watch,A2
bevorzugen,Er bevorzugt Tee statt Kaffee.,to prefer,B1
hierzu,Hierzu gibt es keine weiteren Fragen.,with it,C1
der Fischer,Der Fischer brachte frischen Fisch.,fisherman,B2
der Ruf,Der Ruf des Adlers hallte durch das Tal.,reputation,A1
die Überlegung,Nach kurzer Überlegung änderte sie sich.,thought,C1
die Begegnung,Die Begegnung mit ihm war ein Zufall.,encounter,B2
der Schlag,Der Schlag traf ihn völlig unerwartet.,blow,A1
daraufhin,Daraufhin änderte er seine Meinung.,as a result,B2
die Handlung,Die Handlung entwickelt sich langsam.,action,B1
die Marke,Die Marke ist weltweit bekannt.,brand,B1
angreifen,Der Hund greift den Eindringling an.,to attack,A1
finanzieren,Er finanzierte das Projekt allein.,to finance,B1
freilich,"Freilich, das ist eine gute Idee.",of course,C1
die Hinsicht,In dieser Hinsicht sind wir uns einig.,respect,B2
der Schlüssel,Der Schlüssel passt ins Schloss.,key,A1
deuten,Er deutet auf das Bild an der Wand.,to point,B1
glatt,Die Straße war nach dem Regen glatt.,smooth,B1
schrecklich,Der Unfall war wirklich schrecklich.,terrible,A2
weich,Das Kissen ist angenehm weich.,soft,A2
die Klinik,Die Klinik wurde neu eröffnet.,clinic,B1
bedeutend,Das war eine bedeutende Entdeckung.,important,B2
das Organ,Das Organ spielt eine zentrale Rolle.,organ,B1
besprechen,Sie besprechen die Details des Plans.,to discuss,B1
die Oberfläche,Die Oberfläche glänzt in der Sonne.,surface,B1
der Standort,Der Standort bietet viele Vorteile.,site,B2
der Zufall,Der Zufall führte uns zusammen.,chance,B1
die Armee,Die Armee marschierte durch die Stadt.,army,A1
kräftig,Er hat einen kräftigen Händedruck.,strong,B1
der Nerv,Der Nerv schmerzt bei jeder Bewegung.,nerve,B1
die Niederlage,Die Niederlage schmerzt ihn tief.,defeat,B2
der Termin,Der Termin beim Arzt steht fest.,appointment,A1
angenehm,Das angenehme Gespräch endet positiv.,pleasant,B1
die Synthese,Die Synthese gelang im Labor problemlos.,synthesis,C2
das Drama,Das Drama entfaltete sich langsam.,drama,B1
der Konsum,Der Konsum von Zucker nimmt zu.,consumption,C2
die Vorschrift,Die Vorschrift wurde geändert.,instruction,B1
winzig,In dem winzigen Raum steht nur ein Bett.,tiny,B1
der Flug,Der Flug dauerte acht Stunden.,flight,A2
das Holz,Er hackte Holz für den Winter.,wood,B1
künstlerisch,Ihr künstlerischer Stil ist einzigartig.,artistic,B2
die Förderung,Die Förderung kam von der Regierung.,support,B1
der Impuls,Ein starker Impuls bewegte den Pendel.,stimulus,B2
die Planung,Die Planung der Reise war schwierig.,planning,B1
der Verdacht,Der Verdacht fiel auf den Nachbarn.,suspicion,B1
vorgeben,"Er gibt vor, nichts zu wissen.",to use as an excuse,B2
der Witz,Er erzählte einen lustigen Witz.,joke,A2
aufmerksam,Der aufmerksame Zuhörer stellte Fragen.,attentive,B1
der Mangel,Es gibt einen Mangel an Wasser.,lack,B1
ausführen,Er führte die Aufgabe präzise aus.,to carry out,A2
analog,Das analoge System wird ersetzt.,analog,C2
befürchten,Sie befürchten das Schlimmste.,to fear,A2
hinsichtlich,Hinsichtlich dessen bin ich zufrieden.,with regard to,C1
die Katze,Die Katze sprang leise auf den Tisch.,cat,A2
äußere,Das äußere Tor war verschlossen.,outer,C2
die Halle,Die Halle war voll mit Menschen.,hall,A1
die Häufigkeit,Die Häufigkeit der Ereignisse nimmt zu.,frequency,C2
das Kapital,Das Kapital des Unternehmens wächst.,capital,B2
die Revolution,Die Revolution veränderte alles.,revolution,B1
zuordnen,Er ordnet die Dateien dem Projekt zu.,to assign,C2
aussetzen,Er musste das Training kurz aussetzen.,to suspend,A2
der Lohn,Der Lohn wurde pünktlich überwiesen.,wage,B1
das Vermögen,Das Vermögen wurde gerecht verteilt.,assets,A2
die Verwaltung,Die Verwaltung arbeitet effizient.,administration,B1
zumal,"Er war nervös, zumal es spät war.",particularly,C1
das Kohlenstoffdioxid,Kohlenstoffdioxid ist ein Gas.,carbon dioxide,
ordentlich,Das Büro ist immer ordentlich.,neat,B1
stoppen,Er stoppte den Wagen rechtzeitig.,to stop,B1
der Bundeskanzler,Der Bundeskanzler sprach zur Nation.,federal chancellor,C2
der Rat,Der Rat des Lehrers war hilfreich.,advice,B1
der Bewohner,Die Bewohner waren freundlich.,inhabitant,B1
gewöhnlich,Er führt ein ganz gewöhnliches Leben.,usual,B1
großartig,Das Konzert war einfach großartig.,great,A1
trainieren,Er trainiert täglich im Fitnessstudio.,to train,A2
die Variante,Es gibt eine neue Variante des Spiels.,variant,C1
das Medikament,Das Medikament wirkt sehr schnell.,medicine,A2
der Ring,Der Ring fiel zu Boden und rollte weg.,ring,A2
beliebig,Wählen Sie eine beliebige Option aus.,any,C1
das HGB,Das HGB regelt den Handel genau.,Commercial Code,
versetzen,Er wurde nach Berlin versetzt.,to move,A2
verurteilen,Der Richter verurteilt den Dieb.,to condemn,B1
das Vorjahr,Das Vorjahr brachte gute Ergebnisse.,previous year,C2
gezielt,Sie machte einen gezielten Vorschlag.,targeted,C1
die Kommune,Die Kommune plant neue Wohnprojekte.,municipality,C2
der Mord,Der Mord wurde schnell aufgeklärt.,murder,A1
extern,Die externe Firma hilft uns weiter.,external,C1
die Partie,Die Partie endete unentschieden.,game,B2
stetig,Die stetige Verbesserung fiel auf.,constant,C1
dumm,Das war wirklich eine sehr dumme Idee.,stupid,A2
erwidern,Er erwidert ihren Gruß höflich.,to reply,B2
die Identität,Seine Identität bleibt unbekannt.,identity,A2
der Stock,Das Büro ist im dritten Stockwerk.,stick,A1
das Gefäß,Das Gefäß war mit Wasser gefüllt.,vessel,B2
atmen,Der Patient atmet tief ein und aus.,to breathe,A1
die Milch,Die Milch steht im Kühlschrank.,milk,A1
die Tiefe,Die Tiefe des Sees ist unbekannt.,depth,
moralisch,Moralische Fragen wurden besprochen.,moral,B2
selbe,Er trägt denselben Hut wie gestern.,same,
stärken,Er stärkt sein Immunsystem durch Sport.,to strengthen,B2
der Millimeter,Ein Millimeter machte den Unterschied.,millimeter,C1
die FDP,Die FDP strebt eine Steuerreform an.,FDP,
der Konsument,Der Konsument hat hohe Erwartungen.,consumer,C2
die Reform,Die Reform brachte viele Veränderungen.,reform,B1
der Richter,Der Richter spricht das Urteil.,judge,B1
verwandeln,Er verwandelte das Zimmer in ein Büro.,to transform,A2
streiten,Sie stritten sich um das Geld.,to quarrel,A1
widmen,Sie widmet ihr Leben der Kunst.,to dedicate,B1
bereitstellen,Wir stellen die Mittel bereit.,to provide,C1
hinterlassen,Er hat eine Nachricht hinterlassen.,to leave,B1
analysieren,Sie analysiert die Daten sehr genau.,to analyze,B1
der Gipfel,Der Gipfel des Berges war schneebedeckt.,peak,B2
der Nachteil,Der Nachteil ist offensichtlich.,disadvantage,B1
versus,Es geht um Team A versus Team B.,versus,C2
vertraut,Er ist mit der Technik vertraut.,familiar,A2
das Baby,Das Baby schläft ruhig in seinem Bett.,baby,A1
die Sitzung,Die Sitzung dauert zwei Stunden.,meeting,B1
sportlich,Seine sportliche Leistung war top.,athletic,A2
die Wärme,Die Wärme des Feuers war angenehm.,warmth,B1
eventuell,Eine eventuelle Lösung wurde diskutiert.,possible,B1
die Gemeinschaft,Die Gemeinschaft arbeitete eng zusammen.,community,B1
kennenlernen,Er lernte sie auf einer Party kennen.,to meet,A1
der Unternehmer,Der Unternehmer investierte klug.,entrepreneur,B1
die Dienstleistung,Diese Dienstleistung wird oft genutzt.,service,C2
intern,Die internen Daten wurden ausgewertet.,internal,B2
der Investor,Der Investor plant ein großes Projekt.,investor,B2
die Periode,Die Periode dauerte mehrere Jahre.,period,C1
schriftlich,Die schriftliche Aussage war eindeutig.,written,A2
genetisch,Genetische Merkmale beeinflussen vieles.,genetic,B1
der Einwohner,Der Einwohner verließ die Stadt.,inhabitant,B1
testen,Wir haben das System getestet.,to test,B1
umgeben,Das Haus ist von Bäumen umgeben.,to surround,B1
lebendig,Die Stadt ist nachts besonders lebendig.,living,A2
waschen,Er wäscht das Auto jeden Samstag.,to wash,A1
das Hormon,Hormone beeinflussen das Verhalten.,hormone,B2
das Lebensmittel,Lebensmittel sind teuer geworden.,food,B2
die Zeile,Schreib eine Zeile in das Buch.,line,B1
belasten,Die Sorgen belasten ihn schwer.,to load,B1
braun,Die Blätter sind braun geworden.,brown,B2
die Ehe,Ihre Ehe dauert schon seit 20 Jahren.,marriage,B1
der Passagier,Der Passagier hat seinen Sitz gefunden.,passenger,B1
die Kindheit,Die Kindheit verbrachte er auf dem Land.,childhood,B1
das Ungarn,Ungarn ist ein schönes Reiseziel.,Hungary,C1
der Verbraucher,Der Verbraucher verlangt Qualität.,consumer,
die Vielfalt,Die Vielfalt der Blumen ist erstaunlich.,diversity,C1
die Entschuldigung,Er bot eine Entschuldigung an.,apology,A1
flüstern,Sie flüstert ihm ein Geheimnis ins Ohr.,to whisper,A2
geradezu,Das war geradezu unmöglich zu lösen.,downright,B2
die Koalition,Die Koalition hat sich geeinigt.,coalition,C2
die Mischung,Die Mischung schmeckt hervorragend.,mixture,B2
zukünftig,Zukünftige Projekte sind geplant.,future,B1
erledigen,Ich werde das sofort erledigen.,to settle,B1
die Existenz,Die Existenz des Tieres ist bewiesen.,existence,B1
der Geruch,Der Geruch von Kaffee weckte ihn.,smell,B1
herkommen,"Ich weiß nicht genau, wo sie herkommt.",to come here,A1
der Sitz,Der Sitz des Unternehmens ist in Berlin.,seat,B1
die Serie,Die Serie gewann viele Preise.,series,B1
ahnen,Er ahnte nichts von der Überraschung.,to sense,A2
die Entfernung,Die Entfernung zum Ziel war groß.,distance,B1
stützen,Das Gebäude stützt sich auf Pfeiler.,to support,B2
die Wahrnehmung,Die Wahrnehmung ist subjektiv.,perception,C1
die Liga,Die Liga plant eine neue Saison.,league,B2
der Schlaf,Der Schlaf kommt spät in der Nacht.,sleep,B1
einschränken,Er schränkt seine Ausgaben ein.,to restrict,C1
die Kette,Die Kette riss plötzlich unter der Last.,chain,A2
die Säure,Die Säure reagierte mit dem Metall.,acid,B2
die Strafe,Die Strafe folgt auf das Vergehen.,punishment,B1
der Franzose,Der Franzose spricht gut Deutsch.,Frenchman,B1
das Konzert,Das Konzert endete mit großem Applaus.,concert,A2
der Kontext,Der Kontext ist wichtig für das Verständnis.,context,C1
der Transport,Der Transport verlief reibungslos.,transportation,B1
abbauen,Er baut den alten Schuppen ab.,to reduce,C1
anregen,Das Buch regt zum Nachdenken an.,to encourage,C1
aufwachsen,Er wuchs in einer kleinen Stadt auf.,to grow up,A2
beherrschen,Er beherrscht die Sprache gut.,to control,A2
das Island,Island ist sehr kalt im Winter.,Iceland,B1
das Kreuz,Das rote Kreuz ist ein Symbol der Hilfe.,cross,B1
der Motor,Der Motor des Autos war defekt.,motor,A2
die Sendung,Die Sendung lief gestern im Fernsehen.,broadcast,A2
die Aktie,Die Aktie stieg gestern um 5%.,share,B2
höchstens,Es dauert höchstens eine Stunde.,at most,B1
trocken,Das Brot ist leider trocken geworden.,dry,A2
die Ukraine,Die Ukraine ist ein großes Land.,Ukraine,C1
die Wechselwirkung,Die Wechselwirkung wurde untersucht.,interaction,C2
die Bibliothek,Die Bibliothek hat viele Bücher.,library,A2
ebenda,Das Zitat stammt ebenda aus dem Buch.,ibidem,
hoffentlich,Hoffentlich kommt er pünktlich.,hopefully,A2
die Erwachsene,Die Erwachsenen hatten viel Spaß.,adult,A1
die WM,Die WM beginnt nächsten Monat in Katar.,world championship,C2
zurückführen,Er führt den Erfolg auf das Team zurück.,to attribute,C1
das Bruttoinlandsprodukt,Das Bruttoinlandsprodukt steigt.,gross domestic product,
friedlich,Ein friedlicher Protest fand statt.,peaceful,A2
der Verkäufer,Der Verkäufer bot einen guten Preis an.,salesman,A1
vernünftig,Das war eine vernünftige Entscheidung.,sensible,B1
die Matrix,Die Matrix enthält viele Zahlen.,matrix,C1
abholen,Sie hat das Paket am Mittag abgeholt.,to get,A1
gegenwärtig,Die gegenwärtige Lage ist schwierig.,present,B2
der Organismus,Der Organismus reagiert schnell.,organism,B2
die Ressource,Die Ressource wurde nachhaltig genutzt.,resource,B2
trauen,Er traut seinen engsten Freunden.,to trust,A1
das Vorbild,Sie ist ein Vorbild für viele.,role model,B2
vorlegen,Er legte seine Ideen dem Team vor.,to present,B2
wahnsinnig,Der Verkehr in der Stadt ist wahnsinnig.,insane,B1
erstaunlich,Ihre erstaunliche Idee wurde umgesetzt.,astonishing,A2
grinsen,Er grinst schelmisch nach der Frage.,to grin,B2
der Koffer,Der Koffer wurde zurückgelassen.,suitcase,A1
emotional,Das Gespräch wurde sehr emotional.,emotional,A2
erstellen,Er erstellt eine Liste mit allen Namen.,to build,B1
fünfzig,Fünfzig Leute kamen zur Party.,fifty,
die Kugel,Die Kugel rollte über den Tisch.,ball,A2
das Rad,Das Rad dreht sich immer schneller.,wheel,B1
ausbauen,Er baute das Haus zu einem Hotel aus.,to extend,C1
anzeigen,Er zeigte den Diebstahl sofort an.,to report,B1
der Schwerpunkt,Der Schwerpunkt liegt auf Bildung.,focus,C2
die Überzeugung,Seine Überzeugung war unerschütterlich.,conviction,B1
die Ableitung,Die Ableitung der Formel ist schwierig.,derivation,C2
aussteigen,Er stieg an der letzten Haltestelle aus.,to get off,A1
das Chromosom,Das Chromosom wurde genau untersucht.,chromosome,C2
vergleichbar,Die Ergebnisse sind kaum vergleichbar.,comparable,C1
anhören,Ich möchte mir seine Meinung anhören.,to listen to,A2
die Tonne,Die Tonne ist bis obenhin gefüllt.,ton,B1
verleihen,Die Bibliothek verleiht auch DVDs.,to lend,B1
der Arbeiter,Der Arbeiter begann frühmorgens.,worker,B1
das Bord,Das Gepäck liegt sicher an Bord.,board,A1
entspannen,Er entspannt sich gerne im Park.,to relax,A1
kürzlich,Ich habe ihn kürzlich gesehen.,recently,B1
beurteilen,Er beurteilt die Lage kritisch.,to assess,B1
raten,"Er rät ihm, vorsichtig zu sein.",to advise,A2
der Schnitt,Der Schnitt teilt den Apfel in zwei.,cut,
wertvoll,"Der Ring war klein, aber sehr wertvoll.",valuable,B1
der Erzähler,Der Erzähler fesselte das Publikum.,storyteller,B2
das Gold,Das Gold glänzt im Sonnenlicht.,gold,B1
umstritten,Die Entscheidung war umstritten.,disputed,C2
aufsteigen,Der Ballon steigt in den Himmel auf.,to rise (up),B2
biologisch,Sie kaufen nur biologische Lebensmittel.,biological,B1
vielfältig,Die Auswahl im Laden war vielfältig.,diverse,C2
wirksam,Das Medikament ist sehr wirksam.,effective,C1
überlassen,Er überließ ihr die Entscheidung.,to leave,A1
identifizieren,Er identifizierte die Probleme schnell.,to identify,A2
der Mittelwert,Der Mittelwert der Daten ist berechnet.,average,C2
der Stil,Der Stil des Hauses gefällt mir.,style,B1
die Atmosphäre,Die Atmosphäre im Raum war angespannt.,atmosphere,B1
die Beschäftigung,Er fand schnell eine neue Beschäftigung.,employment,B1
hinzufügen,Er fügte eine Bemerkung hinzu.,to add,B2
indirekt,Er gab nur indirekte Hinweise.,indirect,C1
der Zeitraum,Der Zeitraum umfasst einige Monate.,period of time,C1
aufkommen,Plötzlich kam ein heftiger Wind auf.,to come up,B2
plus,Morgen erwarten wir 10 Grad plus.,plus,B1
die Schwingung,Die Schwingung war deutlich spürbar.,vibration,C1
der Vektor,Der Vektor zeigt die Richtung an.,vector,C2
der Sauerstoff,Der Patient benötigt Sauerstoff.,oxygen,B1
die Äußerung,Die Äußerung löst Empörung aus.,comment,C1
ausziehen,Er zog aus dem Haus seiner Eltern aus.,to move out,B1
die Gewerkschaft,Die Gewerkschaft fordert höhere Löhne.,trade union,B1
der Tourismus,Der Tourismus wächst jährlich.,tourism,B1
flach,Das flache Land erstreckt sich weit.,flat,B1
transportieren,Wir transportieren die Ware per Lkw.,to transport,B1
einheimisch,Er bevorzugt einheimische Produkte.,native,C1
der Winkel,Der Winkel des Dachs war zu steil.,angle,B2
sauer,Der saure Apfel schmeckt mir nicht.,sour,A2
vermissen,Er vermisst seine Heimat sehr.,to miss,B1
das Geschlecht,Das Geschlecht spielt keine Rolle.,sex,B1
attraktiv,Das attraktive Angebot lockte Käufer an.,attractive,A2
die Aussicht,Die Aussicht von hier ist schön.,prospect,B1
die Betriebswirtschaftslehre,Er studiert Betriebswirtschaftslehre.,business administration,
der Held,Der Held besiegte den Drachen.,hero,B1
sechzig,Sechzig Gäste wurden eingeladen.,sixty,
die Base,Die Base reagierte mit der Säure.,base,B2
die Bilanz,Die Bilanz zeigt einen Gewinn.,balance (sheet),C1
das Geheimnis,Das Geheimnis wurde endlich gelüftet.,secret,B1
spätestens,Spätestens um zehn Uhr müssen wir los.,at the latest,B1
dramatisch,Der Unfall hatte dramatische Folgen.,dramatic,A2
die Ehre,"Es war eine große Ehre, ihn zu treffen.",honor,
entschließen,Sie entschloss sich für das Angebot.,to decide,C1
gewöhnen,Er gewöhnte sich schnell an die Arbeit.,to get used to,B1
hingehen,"Er ging hin, um zu sehen, was los war.",to go (there),A1
zittern,Er zitterte vor Kälte in der Nacht.,to tremble,B1
der Dialog,Der Dialog zwischen ihnen war fruchtbar.,dialogue,B1
der Schuss,Ein Schuss fiel in der Stille der Nacht.,shot,A2
das Seminar,Das Seminar behandelte aktuelle Themen.,seminar,B1
die Werbung,Die Werbung im Fernsehen ist oft nervig.,advertising,B1
die Blume,Die Blume blühte in voller Pracht.,flower,A1
der Schreibtisch,Der Schreibtisch ist aus Holz.,desk,A2
verlieben,Er verliebte sich Hals über Kopf.,to fall in love,A1
winken,Er winkt zum Abschied aus dem Auto.,to wave,B1
fliehen,Viele Menschen flohen vor dem Krieg.,to flee,B1
interpretieren,Er interpretierte das Gedicht anders.,to interpret,C1
olympisch,Er trainiert für die olympischen Spiele.,Olympic,C1
verdammt,Der verdammte Lärm störte mich.,damned,A1
anerkennen,Seine Arbeit wurde von allen anerkannt.,to recognize,B1
bewahren,Er bewahrt Ruhe in jeder Situation.,to keep,A2
illegal,Drogenhandel ist in jedem Land illegal.,illegal,B1
der Sand,Der Sand war warm unter den Füßen.,sand,B1
umbringen,Er brachte sie aus Eifersucht um.,to kill,A1
die Fraktion,Die Fraktion trifft sich morgen.,parliamentary party,C1
der Gesellschafter,Der Gesellschafter investierte viel.,associate,C2
das Schweden,Schweden ist bekannt für seine Natur.,Sweden,B2
die Verbesserung,Die Verbesserung war dringend nötig.,improvement,B2
worauf,Worauf basiert diese Annahme genau?,on what,A1
einsam,Er fühlte sich einsam nach dem Umzug.,lonely,B1
die Innovation,Innovation treibt den Fortschritt an.,innovation,C2
die Landwirtschaft,Die Landwirtschaft ist grundlegend.,agriculture,B1
die Therapie,Die Therapie dauerte sechs Monate.,therapy,B1
der Ablauf,Der Ablauf war sorgfältig geplant.,expiry,B2
anstehen,"Wir mussten anstehen, um reinzukommen.",to line up,C1
die Bemerkung,Die Bemerkung führte zur Diskussion.,remark,B2
Frankfurter,Die Frankfurter Messe beginnt bald.,Frankfurt,C2
identisch,Die Zwillinge sehen fast identisch aus.,identical,B2
rollen,Der Ball rollt den Hügel hinunter.,to roll,A2
die Angehörige,Die Angehörigen wurden informiert.,member,B1
das Café,Wir treffen uns heute im neuen Café.,coffeehouse,A1
dauerhaft,Eine dauerhafte Lösung wurde gefunden.,lasting,B2
garantieren,Das Unternehmen garantiert Qualität.,to guarantee,B1
die Not,"Die Not war groß, aber er blieb stark.",need,B1
räumlich,Die räumliche Trennung fiel schwer.,three-dimensional,C2
jahrelang,Die jahrelange Arbeit zahlte sich aus.,many years,B1
der Respekt,Sein Respekt vor dem Lehrer war groß.,respect,B1
gefährden,Rauchen gefährdet die Gesundheit.,to endanger,B1
das Spektrum,Das Spektrum deckt alle Bereiche ab.,spectrum,C1
vergeben,Das Stipendium wurde ihr vergeben.,to award,A1
der Weber,Der Weber fertigte feine Stoffe an.,weaver,C1
effektiv,Die neue Methode ist äußerst effektiv.,effective,B2
der Eingang,Der Eingang war schwer zu finden.,entrance,A1
das Erbe,Das Erbe wurde gerecht verteilt.,heritage,B1
islamisch,Er besuchte die islamische Gemeinde.,Islamic,C1
zustimmen,Er stimmte dem Vorschlag schließlich zu.,to agree,B1
radikal,Er forderte radikale Veränderungen.,radical,C1
der Ausbau,Der Ausbau des Hauses beginnt.,expansion,C2
der Kanal,Der Kanal führt durch die Stadt.,canal,B1
registrieren,Bitte registrieren Sie sich online.,to register,B1
verhandeln,Sie verhandeln über den Vertrag.,to negotiate,A2
der Wandel,Der Wandel vollzog sich rasant.,change,C1
der Ast,Der Ast des Baumes brach im Sturm ab.,branch,B2
ausüben,Er übt täglich seine Fertigkeiten aus.,to practice,B2
jenseits,Jenseits des Flusses liegt das Dorf.,beyond,B1
unterliegen,Er unterlag seinem Gegner im Finale.,to be defeated,C1
der Wähler,Der Wähler gab seine Stimme ab.,voter,B2
willkommen,Du bist hier immer willkommen.,welcome,A1
das Gedächtnis,Mein Gedächtnis ist nicht gut.,memory,B1
gelegentlich,Gelegentliche Pausen steigern Leistung.,occasional,B2
bedürfen,Dieses Projekt bedarf viel Zeit.,to require,B2
das Gefängnis,Das Gefängnis ist gut bewacht.,prison,B1
die Überraschung,Die Überraschung war perfekt gelungen.,surprise,B1
der Wechsel,Der Wechsel in der Führung war nötig.,change,B2
die Wurzel,Wir müssen die Wurzel des Konflikts finden.,root,C1
formell,Formelle E-Mails erfordern Höflichkeit.,formal,C1
sanft,Der sanfte Wind streichelte ihr Gesicht.,soft,A2
aushalten,Er kann den Lärm nicht länger aushalten.,to bear,B1
bedrohen,Er bedroht ihn mit einem Messer.,to threaten,A2
keineswegs,Das war keineswegs meine Absicht.,by no means,B2
klug,Eine kluge Wahl führte zum Sieg.,clever,A2
der Arbeitnehmer,Der Arbeitnehmer beantragte Urlaub.,employee,C2
beugen,Sie beugte leicht den Kopf nach vorn.,to bend,B2
einbringen,Er bringt viele neue Ideen ein.,to bring in,B2
die Materie,Die Materie verändert ihre Form.,matter,B2
das Personal,Das Personal arbeitete effizient.,staff,B1
scheinbar,Die scheinbare Ruhe täuschte alle.,apparent,B1
die Frequenz,Die Frequenz des Signals war zu niedrig.,frequency,B2
lehren,Er lehrt Physik an der Universität.,to teach,A2
selbstständig,Er führt ein selbstständiges Geschäft.,independent,A1
überwinden,Sie überwinden alle Hindernisse.,to overcome,B1
unklar,Seine Absichten waren völlig unklar.,unclear,B2
verfügbar,Die Information ist verfügbar.,available,B2
wozu,Wozu brauchst du das Werkzeug?,what for,A1
schlicht,Das Design des Hauses ist sehr schlicht.,simple,B2
angemessen,Die angemessene Strafe wurde verhängt.,appropriate,B2
der Arbeitsmarkt,Der Arbeitsmarkt verändert sich.,labor market,C2
der Pass,Der Pass ist leider abgelaufen.,pass,A1
der Bedarf,Der Bedarf an Wasser ist hoch.,need,
ernsthaft,Er hatte ernsthafte Zweifel an dem Plan.,serious,A2
werben,Er wirbt für das neue Produkt.,to advertise,B2
errichten,Er errichtete ein neues Gebäude.,to build,B2
der Kredit,Der Kredit wurde schnell genehmigt.,loan,A2
das Wohnzimmer,Das Wohnzimmer ist hell und gemütlich.,living room,A2
die Kompetenz,Die Kompetenz wurde klar nachgewiesen.,competence,C1
die Leitung,Die Leitung des Projekts liegt bei ihm.,management,B1
strahlen,Die Sonne strahlt hell am Himmel.,to shine,B2
der Zucker,Der Zucker wurde im Tee aufgelöst.,sugar,B1
der Austausch,Der Austausch von Ideen war produktiv.,exchange,B2
gleichen,Sein Stil gleicht dem seines Bruders.,to be alike,B2
die Station,Die Station war modern ausgestattet.,station,B1
der Kaiser,Der Kaiser regierte viele Jahre.,emperor,A2
sperren,Er sperrte die Straße wegen Bauarbeiten.,to cut off,A2
der Sportler,Der Sportler gewann die Medaille.,athlete,B1
die Differenz,Die Differenz betrug nur wenige Punkte.,difference,B2
der Fakt,"Der Fakt ist, dass er recht hat.",fact,B1
die Herstellung,Die Herstellung erfolgt im Ausland.,production,C1
das Individuum,Das Individuum ist einzigartig.,individual,B2
das Symbol,Das Herz ist ein Symbol der Liebe.,symbol,B1
ausbreiten,Er breitete die Karte auf dem Tisch aus.,to spread,B2
die Versorgung,Die Versorgung mit Wasser ist gesichert.,supply,C1
der Kommentar,Der Kommentar wurde scharf kritisiert.,comment,B1
kontinuierlich,Der kontinuierliche Regen störte uns.,constant,C2
das Radio,Das Radio spielte leise Musik.,radio,A2
Münchner,Die Münchner Biergärten sind bekannt.,Munich,C2
der Musiker,Der Musiker spielt die Gitarre.,musician,B1
wecken,Der Wecker weckte ihn um sieben Uhr.,to wake sb up,A2
ansteigen,Die Temperatur ist heute angestiegen.,to rise,C1
die Rückkehr,Die Rückkehr war für ihn sehr emotional.,return,B1
auszeichnen,Er wurde für seine Arbeit ausgezeichnet.,to award a prize,A2
die Bar,In dieser Bar spielt immer Jazzmusik.,bar,A1
die Betrachtung,Die Betrachtung dauerte mehrere Stunden.,contemplation,C2
die Kommission,Die Kommission prüft den Vorschlag.,commission,B2
der Star,Der Star war umringt von Fans.,star,A2
wütend,"Er wurde wütend, als er das erfuhr.",furious,B1
christlich,Christliche Werte prägen das Land.,Christian,B2
Hamburger,Der Hamburger Hafen ist sehr bekannt.,Hamburg,A2
die Leiche,Die Leiche wurde im Wald gefunden.,corpse,A1
nochmals,Nochmals vielen Dank für alles.,again,B1
wehren,Er wehrt sich gegen die Vorwürfe.,to defend oneself,B1
der Abbau,Der Abbau der Kosten war dringend nötig.,reduction,C2
die Staatsanwaltschaft,Die Staatsanwaltschaft ermittelt.,prosecution,B2
die Freizeit,In der Freizeit geht er gerne wandern.,spare time,A1
das Geschenk,Das Geschenk kam pünktlich an.,gift,A1
hübsch,Der Garten sah im Frühling hübsch aus.,pretty,B1
der Moslem,Der Moslem betet fünfmal am Tag.,Muslim,B2
spontan,Ein spontaner Einfall rettete den Tag.,spontaneous,B2
dorthin,"Er geht dorthin, wo er gebraucht wird.",there,B1
das Frühstück,Das Frühstück war reichhaltig.,breakfast,A1
klettern,Der Junge klettert auf den Baum.,to climb,B1
der Mittelpunkt,Er ist der Mittelpunkt der Party.,midpoint,B2
bereiten,Der Unfall hat großen Schaden bereitet.,to make,A1
die Entstehung,Die Entstehung des Planeten war komplex.,origin,C2
konservativ,Er hat konservative Ansichten.,conservative,C1
der Magen,Der Magen knurrte laut vor Hunger.,stomach,A2
psychisch,Die psychische Belastung war enorm.,psychological,B2
das Salz,Das Salz ist fast aufgebraucht.,salt,A1
siebzig,Es sind siebzig Leute gekommen.,seventy,
versichern,Er versichert sein Haus gegen Feuer.,to insure,B1
der Brite,Der Brite trank Tee am Nachmittag.,Brit,B2
erkennbar,Der Fehler war sofort erkennbar.,recognizable,C1
namens,Eine Frau namens Anna rief an.,by the name of,A1
die Achse,Die Achse des Rades ist gebrochen.,axle,C1
klingeln,Das Telefon klingelte den ganzen Tag.,to ring,B1
speichern,Er speichert die Datei auf dem Computer.,to store,A2
der Tee,Der Tee schmeckt mit Honig besser.,tea,A1
der Zeuge,Der Zeuge sagte im Prozess aus.,witness,B1
der Aufwand,Der Aufwand lohnt sich am Ende.,expense,
die Kooperation,Die Kooperation begann gestern.,cooperation,B2
der Kritiker,Der Kritiker lobte den neuen Film.,critic,C1
das Tal,Das Tal ist von Bergen umgeben.,valley,B1
derartig,Derartige Probleme gab es nie.,such,B2
vielfach,Das Problem hat vielfache Ursachen.,multiple,C2
empfangen,Er hat uns herzlich empfangen.,to receive,B1
die Ernährung,Eine gesunde Ernährung ist wichtig.,food,B1
die Küste,Die Küste erstreckt sich weit.,coast,B1
mitkommen,Sie wollte unbedingt mitkommen.,to come (with sb),A1
die Republik,Die Republik feiert ihr Jubiläum.,republic,B2
zucken,Er zuckte kurz mit den Schultern.,to twitch,B2
anschließen,Er schloss das Gerät an den Strom an.,to join,B1
austauschen,Sie tauschten ihre Telefonnummern aus.,to exchange,B1
beschleunigen,Er beschleunigte das Auto auf 100 km/h.,to accelerate,B1
die Norm,Die Normen werden oft überprüft.,norm,C1
anstellen,Wir stellen neue Mitarbeiter an.,to hire,B1
decken,Wir decken den Tisch für das Abendessen.,to cover,A1
grob,Die groben Worte verletzten ihn tief.,coarse,B1
der Protest,Der Protest dauerte mehrere Stunden.,protest,B1
die Tour,Die Tour umfasste fünf Städte.,tour,A2
der Überblick,Er gab uns einen Überblick zum Thema.,view,C1
der Geschäftsführer,Der Geschäftsführer begrüßte die Gäste.,manager,B2
der Griff,Der Griff der Tür ist kaputt gegangen.,handle,
küssen,Er küsste sie sanft auf die Wange.,to kiss,B1
der Liter,Wir benötigen einen Liter Milch.,liter,B2
das Subjekt,Das Subjekt des Satzes ist markiert.,subject,C1
der Außenminister,Der Außenminister reiste nach Berlin.,foreign minister,C1
die Faser,Die Faser reißt bei hoher Belastung.,fiber,C1
der Schatz,Der Schatz wurde tief vergraben.,treasure,A1
sekundär,Die sekundäre Quelle war unzuverlässig.,secondary,C2
die Zentralbank,Die Zentralbank senkte die Zinsen.,central bank,C2
die Alte,Die Alte wohnt in dem Haus dort drüben.,old person/thing,
die Angestellte,Der Angestellte arbeitete fleißig.,employee,
dankbar,Ich bin sehr dankbar für deine Hilfe.,grateful,B1
faszinieren,Das Schauspiel hat mich sehr fasziniert.,to fascinate,B2
der Flur,Der Flur war mit Gemälden dekoriert.,hall,B1
das Hemd,Er trug ein blaues Hemd zum Interview.,shirt,A2
inhaltlich,Die inhaltliche Prüfung war nötig.,in terms of content,C2
die Begründung,Die Begründung überzeugte niemanden.,explanation,B1
dreimal,Er hat dreimal hintereinander gewonnen.,three times,B1
momentan,Momentan sind alle Plätze belegt.,at the moment,A2
zögern,"Er zögert, bevor er die Tür öffnet.",to hesitate,B1
derart,Sie war derart wütend auf ihn.,so,B2
kreativ,Die kreative Lösung sparte Zeit.,creative,B1
einziehen,Er zog in die neue Wohnung ein.,to move in,A2
das Ausmaß,Das Ausmaß der Schäden ist enorm.,extent,B2
der Feind,Der Feind rückt näher an die Stadt.,enemy,A1
verbrennen,Das Holz verbrennt schnell im Ofen.,to burn,A2
der Vorstand,Der Vorstand trifft sich heute.,board,B2
der Atem,Sein Atem geht schnell nach dem Rennen.,breath,B1
die Distanz,Die Distanz wächst zwischen ihnen.,distance,B1
der Händler,Der Händler bietet gute Preise.,trader,B1
hassen,"Er hasst es, früh aufzustehen.",to hate,B1
das Muster,Das Muster auf der Decke war bunt.,pattern,B1
ausführlich,Er gab eine ausführliche Erklärung ab.,detailed,C1
bedenken,Er bedachte alle Möglichkeiten.,to consider,B1
der Terror,Der Terror bedroht die Region.,terror,B2
die Verfassung,Die Verfassung garantiert Rechte.,constitution,B1
blind,Das blinde Vertrauen war riskant.,blind,B1
einschlafen,Das Kind schlief nach einer Weile ein.,to fall asleep,A2
die Flüchtlingskrise,Die Flüchtlingskrise spaltet die Nation.,refugee crisis,
der Ärger,Der Ärger über die Situation war groß.,annoyance,A1
allmählich,Der allmähliche Anstieg war bemerkbar.,gradual,B2
der Führer,Der Führer zeigte uns die Stadt.,leader,A2
das Vitamin,Dieses Obst enthält viel Vitamin C.,vitamin,B1
der Abschied,Der Abschied fiel ihm sehr schwer.,departure,B1
der Hafen,Der Hafen ist voll mit großen Schiffen.,harbor,B1
die Niere,Die Niere filtert das Blut im Körper.,kidney,B1
abbilden,Er bildete die Landschaft genau ab.,to copy,C2
der Rezeptor,Der Rezeptor reagierte sofort.,receptor,C2
etablieren,Die Firma hat sich schnell etabliert.,to establish,C1
das Messer,Das Messer liegt auf dem Tisch.,knife,A2
teils,"Er hat teils recht, teils nicht.",partly,C1
das Brasilien,Brasilien ist ein großes Land.,Brazil,B2
ergreifen,Er ergreift die Chance sofort.,to take,A2
das Grundgesetz,Das Grundgesetz schützt Rechte.,basic law,C2
die Herkunft,Die Herkunft des Begriffs ist unbekannt.,origin,B1
hinausgehen,Wir gehen hinaus in den Garten.,to go out,C1
die Katastrophe,Die Katastrophe traf alle unvorbereitet.,catastrophe,B1
lehnen,Das Fahrrad lehnt an der Mauer.,to lean,A2
beraten,Er berät die Kunden freundlich.,to advise,A2
bürgerlich,Er erfüllt seine bürgerliche Pflicht.,civil,C1
das Erlebnis,Das Erlebnis bleibt unvergessen.,experience,B1
nachher,Wir haben nachher darüber gesprochen.,afterwards,B1
übergehen,Er ging in die nächste Phase über.,to pass into,B2
die Wut,Die Wut über das Ergebnis war groß.,rage,A2
aufrufen,Der Lehrer rief die Schüler auf.,to call out/up/upon,B2
quer,Er legt die Bücher quer ins Regal.,diagonally,B2
der Kapitän,Der Kapitän führte das Schiff.,captain,A2
zusammenhängen,Die Ereignisse hängen eng zusammen.,to be connected,C1
der Ausländer,Der Ausländer wohnt in Deutschland.,foreigner,A1
die Beschäftigte,Die Beschäftigten arbeiten hart.,employee,
die Bundesliga,Die Bundesliga ist hier sehr beliebt.,(sport) national division,
nähern,Der Zug nähert sich dem Bahnhof.,to approach,A2
übel,Mir wurde plötzlich übel nach dem Essen.,foul,A1
das Ufer,Das Ufer des Sees ist steinig.,shore,B1
die Dichte,Die Dichte des Waldes nahm zu.,density,
die Strahlung,Die Strahlung war gefährlich hoch.,radiation,B2
das Virus,Das Virus verbreitet sich schnell.,virus,B1
der Kontinent,Afrika ist der zweitgrößte Kontinent.,continent,B2
das Milligramm,Das Medikament enthält ein Milligramm.,milligram,C1
schwedisch,Die schwedische Küche ist lecker.,Swedish,C1
sexuell,Er sprach offen über sexuelle Themen.,sexual,B1
hierher,"Komm bitte hierher, ich brauche Hilfe.",here,B1
ironisch,Seine ironische Bemerkung war scharf.,ironic,B2
der Sprung,Der Sprung ins Wasser war kühn.,jump,B1
vorerst,Er bleibt vorerst im Krankenhaus.,for the present,B2
experimentell,Das Ergebnis ist experimentell.,experimental,C1
kühl,Der kühle Wind weht vom Meer her.,cool,A2
der Maler,Der Maler arbeitet an einem neuen Bild.,painter,B1
die Opposition,Die Opposition kritisiert den Plan.,opposition,C1
der Saal,Der Saal füllte sich schnell mit Gästen.,hall,B1
syrisch,Das syrische Essen ist lecker.,Syrian,C2
der Grundsatz,Das ist ein wichtiger Grundsatz.,principle,C1
loben,Er lobte das Team für die gute Arbeit.,to praise,B1
die Zustimmung,Die Zustimmung fiel einstimmig aus.,approval,B1
die Absicht,"Er hat die beste Absicht, zu helfen.",intention,B1
die Adresse,Die Adresse war schwer zu finden.,address,A1
der Akzent,Sein deutscher Akzent war kaum zu hören.,accent,B1
verlängern,Wir müssen den Vertrag verlängern.,to lengthen,B1
die Nahrung,Die Nahrung reichte für alle Tiere.,nourishment,B1
niederländisch,Wir haben niederländische Freunde.,Dutch,C2
der Planet,Der Planet kreist um die Sonne.,planet,A1
der Stress,Der Stress bei der Arbeit ist hoch.,stress,
vermeintlich,Die vermeintliche Lösung war falsch.,supposed,C1
zusammenarbeiten,Die Firmen arbeiten eng zusammen.,to cooperate,A2
der Parameter,Der Parameter wurde korrekt eingestellt.,parameter,C1
steil,Der steile Anstieg kostete Kraft.,steep,B1
der Europäer,Ein Europäer reiste nach Asien.,European,C1
heimisch,Die Pflanze ist hier heimisch.,indigenous,C1
interkulturell,Er fördert interkulturellen Austausch.,intercultural,
die Stille,Die Stille im Raum ist greifbar.,peace,
der Bildschirm,Der Bildschirm flackert ständig.,screen,B1
erwischen,Die Polizei erwischte den Dieb.,to catch,A1
das Proton,Ein Proton ist positiv geladen.,proton,C2
unheimlich,Das alte Haus wirkt unheimlich.,eerie,B1
magnetisch,Das Gerät nutzt magnetische Felder.,magnetic,C1
versehen,Er versieht seinen Dienst gut.,to perform,B1
die Beteiligung,Die Beteiligung an der Aktion war groß.,participation,B2
das Frühjahr,Im Frühjahr blühen die Blumen.,spring,C1
der Hut,Der Hut schützt vor der Sonne.,hat,B1
das Medium,Das Medium beeinflusst die Meinung.,medium,B1
die Verpflichtung,Die Verpflichtung wurde erfüllt.,commitment,B1
die Abteilung,Die Abteilung arbeitet effizient.,department,B1
alternativ,Alternativ können Sie uns anrufen.,alternatively,B1
der Mittag,Zum Mittag gab es eine leckere Suppe.,noon,A2
befassen,Er befasst sich mit dem Thema.,to deal,B2
das Finale,Das Finale beendete die Serie.,final,
gewähren,Er gewährte ihm Schutz vor den Feinden.,to grant,B1
aussagen,Der Zeuge sagte vor Gericht aus.,to testify,A2
die Tendenz,Die Tendenz geht klar nach oben.,tendency,C1
der Terrorist,Der Terrorist wurde endlich gefasst.,terrorist,B1
jemals,Hast du jemals so etwas gesehen?,ever,B1
der Opa,Mein Opa erzählte Geschichten.,grandpa,A1
arbeitslos,Er ist seit zwei Monaten arbeitslos.,unemployed,A1
die Auswertung,Die Auswertung ergab interessante Daten.,evaluation,C2
das Gras,Das Gras wuchs schnell nach dem Regen.,grass,B1
logisch,Das war eine logische Entscheidung.,logical,B1
der Nachfolger,Der Nachfolger tritt morgen sein Amt an.,successor,B2
verzweifeln,Sie verzweifelte an der Aufgabe.,to despair,B2
bewältigen,Er bewältigte die Herausforderung.,to cope with,B2
die Emotion,Liebe ist eine starke Emotion.,emotion,B1
die Armut,Armut ist ein globales Problem.,poverty,B2
das Australien,Australien ist bekannt für Kängurus.,Australia,B2
klagen,Er klagt über Rückenschmerzen.,to complain,B1
schade,"Schade, dass wir es verpasst haben.",(it’s a) pity,A2
die Scheibe,Er legte die Scheibe in den Player ein.,disk,B1
verbleiben,Wir verbleiben bis morgen hier.,to remain,C1
der Widerspruch,Sein Widerspruch war klar formuliert.,contradiction,B2
dastehen,Er stand den ganzen Tag still da.,to stand there,B2
nervös,Vor der Prüfung war er sehr nervös.,nervous,A2
regieren,Der Präsident regiert das Land.,to rule,B1
der Regisseur,Der Regisseur inszeniert den Film.,director,B1
süß,Das süße Dessert verführt die Gäste.,sweet,A2
die Villa,Die Villa am See gehört einem Künstler.,villa,B1
weh,Mein Kopf tut schrecklich weh.,sore,A1
entlassen,Der Manager wurde fristlos entlassen.,to dismiss,B1
die Presse,Die Presse berichtete über den Vorfall.,press,B1
womit,Womit hast du dieses Ticket bezahlt?,with what,A2
abstimmen,Wir müssen über den Vorschlag abstimmen.,to vote,B1
fair,Das faire Urteil wurde respektiert.,fair,B1
hervorragend,Das hervorragende Essen wurde gelobt.,outstanding,B1
umfangreich,Die umfangreiche Liste schien endlos.,extensive,C1
die EZB,Die EZB trifft Entscheidungen.,European Central Bank,
die Infrastruktur,Die Infrastruktur wurde verbessert.,infrastructure,C1
der Konkurrent,Der Konkurrent senkte die Preise.,competitor,C1
die Party,Die Party dauerte bis spät in die Nacht.,party,A1
die Wellenlänge,Die Wellenlänge wurde gemessen.,wavelength,C1
der Anhänger,Der Anhänger wurde gestern repariert.,pendant,B1
betrieblich,Die betriebliche Leistung steigt.,operational,
die Finanzierung,Die Finanzierung wurde gesichert.,financing,C1
die Inflation,Die Inflation stieg auf ein Rekordhoch.,inflation,C2
murmeln,Er murmelt leise vor sich hin.,to mumble,B2
die Plattform,Die Plattform brach unter der Last.,platform,C1
dominieren,Er dominiert das Spielgeschehen.,to dominate,C1
einräumen,Er musste seinen Fehler einräumen.,to put away,C1
herausstellen,Es stellte sich als wahr heraus.,to emphasize,B2
die Kleidung,Die Kleidung trocknet in der Sonne.,clothes,A1
vereinen,"Das Ziel ist, die Gruppen zu vereinen.",to unite,B1
der Bundesrat,Der Bundesrat hat dem Gesetz zugestimmt.,Bundesrat,
abbrechen,Das Spiel wurde wegen Regen abgebrochen.,to break off,B1
die Aufklärung,Die Aufklärung des Falls dauerte lange.,enlightenment,B2
auskommen,Mit diesem Geld kommt er kaum aus.,to get by,B2
denkbar,"Es ist denkbar, dass es morgen regnet.",conceivable,C1
der Fernseher,Der Fernseher lief den ganzen Abend.,television,A2
der Italiener,Der Italiener spricht schnell.,Italian,B2
mangeln,Es mangelt hier an frischem Obst.,to lack,C1
die Schönheit,Er bewunderte die Schönheit lange.,beauty,A2
verarbeiten,Er verarbeitete die Daten schnell.,to use,B2
verkünden,Der Sprecher verkündete die Nachricht.,to announce,B1
das Dänemark,Dänemark liegt nördlich von Deutschland.,Denmark,B2
dazwischen,Er stand dazwischen und hörte zu.,in between,B1
einsteigen,Er steigt jeden Morgen in den Zug ein.,to board,A1
das Tibet,Tibet liegt im Hochland von Asien.,Tibet,C1
die Webseite,Die Webseite lädt sehr schnell.,website,A2
widersprechen,Er widersprach den Vorwürfen vehement.,to contradict,B1
der Besitzer,Der Besitzer begrüßt die Gäste.,owner,A2
japanisch,Wir kochten ein japanisches Gericht.,Japanese,B2
ärgern,Er ärgert seine kleine Schwester.,to annoy,B1
die Persönlichkeit,Ihre Persönlichkeit hinterließ Eindruck.,personality,B1
die Truppe,Die Truppe marschiert durch die Stadt.,troops,A2
ausdrücklich,Sie gab eine ausdrückliche Anweisung.,explicit,B2
die Einschätzung,Die Einschätzung war fehlerhaft.,opinion,C1
funktionell,Das Design ist sehr funktionell.,functional,C2
das Gewebe,Das Gewebe dehnte sich unter Druck.,fabric,B2
das Resultat,Das Resultat bestätigt die Theorie.,result,B2
die Verwandte,Die Verwandten kommen zu Besuch.,relative,A1
die Anordnung,Die Anordnung wurde streng befolgt.,order,B2
aufwachen,Ich bin heute früh aufgewacht.,to wake up,B1
die Kasse,Die Kasse schließt um acht Uhr.,cash register,A1
die Schulden,Die Schulden drückten ihn schwer.,debt,A1
der Hinblick,Im Hinblick darauf ändert sich nichts.,view,C1
die Last,Die Last drückt schwer auf den Rücken.,load,B1
zuhause,Ich bleibe heute lieber zuhause.,at home,B1
einheitlich,Die einheitliche Regelung gilt überall.,uniform,B1
fünfzehn,Fünfzehn Minuten sind vergangen.,fifteen,
überschreiten,Das Limit wurde überschritten.,to exceed,B1
die Version,Die Version wurde aktualisiert.,version,B1
die Zunge,Die Zunge ist ein wichtiges Organ.,tongue,A2
dänisch,Die dänische Küche ist sehr beliebt.,Danish,C1
die Einladung,Die Einladung zur Feier kam per Post.,invitation,A1
die Vielzahl,Die Vielzahl der Optionen verwirrte ihn.,multitude,C1
der Arbeitgeber,Der Arbeitgeber ist zufrieden.,employer,B2
die Höhle,Die Höhle bot Schutz vor dem Regen.,cave,B2
die Lücke,Die Lücke im Zaun wurde repariert.,gap,B2
mehrmals,Er hat sie heute mehrmals angerufen.,repeatedly,B2
subjektiv,Subjektive Ansichten führten zu Streit.,subjective,C2
unangenehm,Das unangenehme Wetter hält an.,unpleasant,B1
das Wirtschaftsforum,Das Wirtschaftsforum ist jährlich.,economic forum,
die Angelegenheit,Diese Angelegenheit muss geklärt werden.,matter,A2
charakteristisch,Das ist ein charakteristisches Merkmal.,characteristic,C2
die Einnahme,Die Einnahme stieg im letzten Jahr.,income,B1
der Islam,Der Islam ist eine große Religion.,Islam,C1
basieren,Die Theorie basiert auf Fakten.,to be based on,B1
einkaufen,Sie geht jeden Freitag einkaufen.,to shop,A1
eintragen,Er trägt seinen Namen in die Liste ein.,to enter,B1
der Vortrag,Der Vortrag fesselte das Publikum.,lecture,B1
das Zelt,Das Zelt stand auf einer schönen Wiese.,tent,A2
zusammensetzen,Er setzte das Puzzle zusammen.,to put together,C1
bedanken,Er bedankt sich herzlich für die Hilfe.,to thank,A2
die Brille,Die Brille lag auf dem Schreibtisch.,glasses,A2
die Sammlung,Die Sammlung wächst jeden Tag.,collection,B2
verschließen,Er verschließt die Tür sorgfältig.,to close,B2
der Entwurf,Der Entwurf erhält gute Kritik.,sketch,B2
seither,Seither hat sich viel geändert.,since then,B2
ansagen,Er sagt die nächste Station an.,to announce,B2
hemmen,Die Krise hemmt das Wachstum stark.,to inhibit,C2
die Intelligenz,Intelligenz allein reicht nicht aus.,intelligence,B1
senkrecht,Die senkrechte Linie trennt Bereiche.,vertical,B1
dringen,Das Wasser drang durch das Dach.,to press,B2
der Migrant,Der Migrant fand eine neue Heimat.,migrant,B1
probieren,Er probierte das neue Gericht.,to try,A2
das Turnier,Das Turnier endete unentschieden.,tournament,B2
verschaffen,Sie hat ihm alle Details verschafft.,to provide,A2
die Volkswirtschaft,Die Volkswirtschaft erholt sich langsam.,national economy,C2
bearbeiten,Er bearbeitet die Bilder am Computer.,to edit,B1
flexibel,Eine flexible Strategie hilft in Krisen.,flexible,B1
hierfür,Hierfür gibt es leider keine Beweise.,for this,B2
mobil,Er bleibt mobil trotz seines Alters.,mobile,C1
der Übersetzer,Der Übersetzer arbeitete sehr schnell.,translator,B1
wodurch,Wodurch bist du auf diese Idee gekommen?,how,B2
zusagen,Er hat die Einladung zugesagt.,to promise,B1
der Buchstabe,Der Buchstabe war kaum lesbar.,letter,A1
verdanken,Er verdankt seinen Erfolg harter Arbeit.,to owe,B1
vierzig,Vierzig Gäste kommen zur Feier.,forty,
der Vordergrund,Der Vordergrund des Bildes ist hell.,foreground,C2
der Reiz,Der Reiz des Abenteuers lockt.,stimulus,C1
verständlich,Die Anweisungen waren verständlich.,comprehensible,B1
der Wahlkampf,Der Wahlkampf war hart umkämpft.,election campaign,B2
flüssig,Benzin ist eine flüssige Substanz.,liquid,B2
der Sturm,Der Sturm wütete die ganze Nacht.,storm,B1
der Akteur,Der Akteur spielt die Hauptrolle.,player,C2
entnehmen,Er entnimmt das Buch aus dem Regal.,to take from,B2
räumen,Er räumt den Tisch nach dem Essen ab.,to clear,A2
konsequent,Er blieb in seinem Ansatz konsequent.,consistent,C2
bekämpfen,Die Feuerwehr bekämpft den Brand.,to fight,A2
das Gehalt,Das Gehalt wurde pünktlich überwiesen.,salary,A2
indes,Indes lief der Hund schon voraus.,meanwhile,C2
das Motto,Das Motto lautet “Gemeinsam stark.”,motto,B2
die Philosophie,Die Philosophie lehrt uns das Denken.,philosophy,B2
der Sender,Der Sender strahlt das Programm aus.,broadcasting station,B1
das Talent,Das Talent zum Singen ist selten.,talent,B1
extra,Er hat es extra für mich gemacht.,separately,B1
der Fleck,Der Fleck auf dem Hemd ist groß.,stain,B1
fressen,Der Hund fraß sein Futter schnell auf.,to eat,B1
die Klage,Die Klage wurde am Morgen eingereicht.,complaint,B1
anfangs,Anfangs war das Projekt sehr chaotisch.,initially,B1
die Beratung,Die Beratung dauert mehrere Stunden.,advice,B1
die Gestaltung,Die Gestaltung des Raumes ist modern.,design,C2
katholisch,Sie ist katholisch aufgewachsen.,Catholic,B2
merkwürdig,Sein Verhalten war wirklich merkwürdig.,strange,B1
bedecken,Der Schnee bedeckte die Dächer.,to cover,C1
die Kuh,Die Kuh graste friedlich auf der Wiese.,cow,A2
verknüpfen,Sie haben die Ereignisse verknüpft.,to tie,C1
drüben,Drüben liegt das alte Schloss.,over there,A2
erschießen,Der Polizist erschoss den Täter.,to shoot,A1
der Nutzer,Der Nutzer meldet ein Problem.,user,C2
die Stabilität,Die Stabilität gewährleistet Sicherheit.,stability,C1
verringern,Er verringerte die Ausgaben drastisch.,to reduce,B2
juristisch,Die juristische Lage ist unklar.,legal,B2
peinlich,Peinliche Stille breitete sich aus.,embarrassing,B1
die Anstrengung,Die Anstrengung hat sich gelohnt.,effort,B2
der Nationalsozialist,Der Nationalsozialist hielt eine Rede.,National Socialist,C2
rechtfertigen,Er rechtfertigt seine Handlungen.,to justify,B1
das Zitat,Das Zitat stammt von einem Dichter.,quotation,B2
die Anpassung,Die Anpassung der Regeln war nötig.,adaptation,B2
kaputt,Das Fahrrad war völlig kaputt.,broken,A1
die Menschheit,Die Zukunft der Menschheit ist ungewiss.,humanity,A2
die Note,"Die Note motivierte ihn, weiterzulernen.",note,A2
seufzen,"Er seufzt tief, als er das hörte.",to sigh,A1
die Achtung,Sie erwarb die Achtung ihrer Kollegen.,respect,A1
ausgleichen,Sie hat die Konten ausgeglichen.,to even out,B2
der Pilot,Der Pilot startet das Flugzeug.,pilot,A2
die Vereinbarung,Die Vereinbarung wurde getroffen.,agreement,B1
aufbrechen,Er brach die Tür mit Gewalt auf.,to leave,B1
das Labor,Das Labor untersuchte die Proben.,laboratory,A2
voraussetzen,Die Aufgabe setzt Vorwissen voraus.,to presuppose,B2
divers,Die diverse Gruppe diskutierte lebhaft.,diverse,C2
der Höhepunkt,Der Höhepunkt war das Abschlusskonzert.,highlight,B2
die Wiese,Die Wiese war grün und blühend.,meadow,B1
die Anerkennung,Die Anerkennung seiner Arbeit war groß.,recognition,B2
ausgeprägt,Sie hat ein ausgeprägtes Talent gezeigt.,distinct,C1
die Autobahn,Die Autobahn war stark befahren.,expressway,A1
die Formulierung,Die Formulierung klingt präzise.,formulation,C1
die Berücksichtigung,The consideration reduces risks.,consideration,C2
dementsprechend,Er verhielt sich dementsprechend.,accordingly,C2
der Schreck,Der Schreck fuhr ihm in die Glieder.,fright,B1
das Weihnachten,Weihnachten ist das Fest der Familie.,Christmas,A1
der Anschluss,Der Anschluss funktioniert einwandfrei.,connection,A1
entziehen,Sie haben ihn aus dem Team entzogen.,to take away,B2
die Reduktion,Die Reduktion der Kosten war nötig.,reduction,C2
das Schwein,Das Schwein im Stall grunzt laut.,pig,A2
sofern,"Sofern es regnet, bleiben wir drinnen.",provided that,B2
anstreben,Sie strebt täglich nach Erfolg an.,to aim at,C1
beklagen,Er beklagt sich über den Lärm.,to complain,B2
einigen,Sie einigten sich auf einen Plan.,to unite,A2
die Freundschaft,Die Freundschaft hielt ein Leben lang.,friendship,B1
die Hütte,Die Hütte bot Schutz vor dem Sturm.,hut,B1
der Mantel,Er zog den Mantel bei Regen an.,coat,A2
die Prognose,Die Prognose stimmt oft nicht.,prognosis,C1
zugehörig,Er fühlte sich der Gruppe zugehörig.,belonging,C2
analytisch,Er hat eine analytische Denkweise.,analytic,C2
das Anliegen,Das Anliegen wurde vorgebracht.,request,B2
locker,Die Atmosphäre war sehr locker.,loose,B1
sonstig,Er erledigte sonstige Aufgaben.,other,C1
abwarten,"Er wartet ab, was passieren wird.",to wait,B1
bitter,Die bittere Wahrheit kam ans Licht.,bitter,A1
permanent,Er hat jetzt eine permanente Stelle.,permanent,C1
das Abkommen,Das Abkommen wurde ratifiziert.,agreement,B2
die Abstimmung,Effektive Abstimmung sparte Ressourcen.,vote,B2
der Geschmack,Der Geschmack der Suppe ist einzigartig.,taste,B1
nachfolgend,Der nachfolgende Tag war ruhig.,following,C2
nachfolgen,Die Schüler folgen dem Lehrer nach.,to follow,C2
neigen,Er hat sich an die Wand geneigt.,to bend,B2
die Rente,Er genießt seine wohlverdiente Rente.,pension,B1
das Taxi,Das Taxi bringt uns direkt zum Hotel.,taxi,A1
vorhin,Vorhin habe ich ihn noch gesehen.,a short time ago,B1
die Zusammenfassung,Die Zusammenfassung war prägnant.,summary,C1
die Disziplin,Disziplin ist wichtig im Sport.,discipline,B2
der Aufstieg,Der Aufstieg auf den Berg war mühsam.,climb,B2
keinerlei,Er zeigte keinerlei Interesse.,no ... at all,B1
der Mond,Der Mond scheint hell am Himmel.,moon,B1
professionell,Professionelle Berater bieten Lösungen.,professional,B1
